order_id,order_price,order_time,customer_id_id,deliver_id_id,order_status
xs000001,99.33,2017/10/2 10:56,2,xs10561,4
xs000002,24.39,2018/7/24 20:41,3,xs204110,4
xs000003,65.71,2018/8/8 8:38,4,xs838100,4
xs000004,107.78,2017/11/18 19:28,5,xs19281000,4
xs000005,128.45,2018/2/13 21:18,6,xs2118101,4
xs000006,96.12,2017/7/9 21:57,7,xs2157102,4
xs000007,81.16,2017/4/11 12:22,8,xs1222103,4
xs000008,51.84,2017/5/16 13:10,9,xs1310104,4
xs000009,341.09,2017/1/23 18:29,13,xs1829105,4
xs000010,51.95,2017/7/29 11:55,14,xs1155106,4
xs000011,188.73,2017/5/16 19:41,15,xs1941107,4
xs000012,141.9,2017/7/13 19:58,16,xs1958108,4
xs000013,75.78,2018/6/7 10:06,18,xs106109,4
xs000014,102.66,2018/7/25 17:44,19,xs174411,4
xs000015,105.28,2018/3/1 14:14,20,xs1414111,4
xs000016,157.45,2018/6/7 19:03,21,xs193112,4
xs000017,132.04,2018/1/2 19:00,22,xs190113,4
xs000018,98.94,2017/12/26 23:41,23,xs2341114,4
xs000019,244.15,2017/11/21 0:03,24,xs03115,4
xs000020,136.71,2017/10/26 15:54,25,xs1554116,4
xs000021,47.69,2017/9/18 14:31,26,xs1431117,4
xs000022,170.57,2018/3/15 8:52,27,xs852118,4
xs000023,67.5,2018/2/3 20:37,28,xs2037119,4
xs000024,353.09,2018/1/8 7:55,29,xs75512,4
xs000025,330.66,2018/8/9 11:44,30,xs1144120,4
xs000026,45.17,2018/2/20 23:46,31,xs2346121,4
xs000027,541,2018/6/4 0:00,32,xs00122,4
xs000028,139.22,2018/3/12 1:50,33,xs150123,4
xs000029,290.16,2018/5/2 11:45,34,xs1145124,4
xs000030,283.34,2018/2/25 13:50,35,xs1350125,4
xs000031,13.78,2017/8/10 11:58,36,xs1158127,4
xs000032,30.28,2018/4/16 21:15,37,xs2115128,4
xs000033,26.58,2017/12/12 13:56,38,xs1356129,4
xs000034,89.68,2018/2/3 12:38,39,xs123813,4
xs000035,65.09,2018/7/29 23:34,40,xs2334130,4
xs000036,173.84,2018/2/17 15:59,41,xs1559131,4
xs000037,103.49,2018/2/21 18:15,42,xs1815132,4
xs000038,64.03,2017/7/31 21:37,43,xs2137133,4
xs000039,157.15,2018/6/1 12:23,44,xs1223134,4
xs000040,130.88,2018/3/26 17:12,45,xs1712135,4
xs000041,47.72,2017/5/19 18:53,46,xs1853136,4
xs000042,117.74,2017/11/24 21:27,47,xs2127137,4
xs000043,56.6,2017/8/4 17:10,48,xs1710138,4
xs000044,266.16,2018/8/4 23:25,49,xs232514,4
xs000045,31.38,2018/6/4 16:44,50,xs1644140,4
xs000046,121.49,2017/5/18 13:55,51,xs1355141,4
xs000047,32,2017/5/14 20:28,52,xs2028142,4
xs000048,153.41,2018/5/17 16:59,53,xs1659143,4
xs000049,65.71,2018/7/29 11:24,54,xs1124144,4
xs000050,278.22,2017/8/9 20:19,55,xs2019145,4
xs000051,91.66,2018/2/1 14:02,56,xs142146,4
xs000052,132.51,2018/6/26 13:42,57,xs1342147,4
xs000053,542.66,2018/7/26 14:39,58,xs1439148,4
xs000054,166.04,2017/12/15 0:06,59,xs06149,4
xs000055,368.98,2017/8/31 8:15,60,xs81515,4
xs000056,113.2,2018/6/11 10:25,61,xs1025150,4
xs000057,99.43,2018/6/11 8:18,62,xs818151,4
xs000058,27.35,2018/3/9 14:50,63,xs1450152,4
xs000059,43.77,2017/3/13 18:14,64,xs1814153,4
xs000060,68.49,2017/6/13 21:11,65,xs2111154,4
xs000061,105.53,2017/11/30 22:02,66,xs222155,4
xs000062,387.8,2018/8/5 13:09,67,xs139156,4
xs000063,84.14,2017/11/15 11:31,68,xs1131157,4
xs000064,210.82,2018/2/19 20:31,69,xs2031158,4
xs000065,90.05,2018/4/22 8:48,70,xs848159,4
xs000066,67.88,2018/1/7 21:44,71,xs214416,4
xs000067,37.58,2018/2/10 13:26,72,xs1326160,4
xs000068,89.63,2018/6/18 16:02,73,xs162161,4
xs000069,69.46,2018/6/13 13:47,74,xs1347162,4
xs000070,78.3,2018/7/15 8:33,75,xs833164,4
xs000071,50.8,2017/9/13 14:27,76,xs1427165,4
xs000072,34,2018/4/13 8:44,77,xs844166,4
xs000073,77.1,2018/2/15 10:33,78,xs1033167,4
xs000074,566.4,2017/2/20 11:45,79,xs1145168,4
xs000075,402.42,2017/4/20 17:15,80,xs1715169,4
xs000076,57.53,2017/9/15 9:19,81,xs919170,4
xs000077,44.01,2018/7/28 16:52,82,xs1652171,4
xs000078,187.51,2017/8/9 18:32,83,xs1832172,4
xs000079,77.7,2018/8/26 22:04,84,xs224174,1
xs000080,48.68,2017/7/30 3:06,86,xs36175,4
xs000081,77.29,2017/12/22 0:17,87,xs017176,4
xs000082,117.71,2017/4/6 22:39,88,xs2239177,4
xs000083,169.34,2017/5/9 20:48,89,xs2048178,4
xs000084,37.61,2017/4/20 20:42,90,xs2042179,4
xs000085,13.8,2017/10/16 14:56,91,xs145618,4
xs000086,227.12,2017/12/8 9:42,93,xs942180,4
xs000087,34.78,2017/8/26 16:53,94,xs1653181,4
xs000088,342.56,2018/2/27 12:55,95,xs1255183,4
xs000089,73.34,2018/5/11 13:10,97,xs1310184,4
xs000090,117.85,2018/1/22 19:22,98,xs1922185,4
xs000091,48.62,2018/5/1 8:12,99,xs812188,4
xs000092,53.99,2017/9/19 22:17,120,xs2217189,4
xs000093,51.14,2018/4/11 22:32,121,xs223219,4
xs000094,121.45,2017/12/20 23:45,122,xs2345190,4
xs000095,73.34,2018/4/22 23:23,123,xs2323191,4
xs000096,117.68,2018/8/3 8:59,124,xs859192,4
xs000097,56.77,2018/5/14 8:35,125,xs835193,4
xs000098,115.59,2017/11/22 11:32,127,xs1132194,4
xs000099,60.07,2017/3/30 7:50,128,xs750195,4
xs000100,27.27,2018/6/5 9:10,129,xs910196,4
xs000101,32.15,2018/8/26 11:04,130,xs114198,1
xs000102,195.71,2017/5/17 8:36,131,xs836199,4
xs000103,43.12,2018/7/30 22:41,132,xs22412,4
xs000104,88.49,2018/8/3 17:44,133,xs174420,4
xs000105,34.09,2018/3/1 22:14,134,xs2214200,4
xs000106,40.99,2018/2/6 21:09,135,xs219201,4
xs000107,71.99,2017/1/28 23:45,136,xs2345202,4
xs000108,47,2018/1/27 22:04,137,xs224203,4
xs000109,81.78,2017/7/1 15:42,138,xs1542204,4
xs000110,231.45,2017/9/27 12:07,140,xs127205,4
xs000111,144.2,2017/11/28 21:00,141,xs210206,4
xs000112,35.14,2018/2/1 12:31,142,xs1231207,4
xs000113,285.79,2018/8/22 16:10,143,xs1610208,1
xs000114,176.7,2018/7/6 23:36,144,xs2336209,4
xs000115,27.63,2018/5/9 18:27,145,xs182721,4
xs000116,134.56,2017/11/26 17:49,146,xs1749210,4
xs000117,96.98,2017/9/29 9:32,147,xs932211,4
xs000118,110.03,2017/6/27 23:11,148,xs2311212,4
xs000119,17.78,2018/1/23 10:32,149,xs1032213,4
xs000120,44,2018/8/20 18:24,150,xs1824214,4
xs000121,110.11,2018/1/30 7:51,151,xs751215,4
xs000122,22.49,2018/3/31 14:20,152,xs1420216,4
xs000123,46.63,2018/3/7 23:00,153,xs230217,4
xs000124,52.21,2018/5/8 22:12,154,xs2212218,4
xs000125,61.77,2017/3/30 14:46,155,xs1446219,4
xs000126,121.88,2017/11/24 21:55,156,xs215522,4
xs000127,75.75,2018/4/25 22:18,157,xs2218221,4
xs000128,130.22,2017/7/16 10:27,158,xs1027222,4
xs000129,57.53,2017/9/3 14:22,159,xs1422224,4
xs000130,76.02,2017/11/21 12:08,160,xs128225,4
xs000131,90.17,2017/10/19 15:08,161,xs158226,4
xs000132,31,2018/7/22 15:19,162,xs1519227,4
xs000133,106.77,2017/12/2 14:28,164,xs1428228,4
xs000134,163.25,2018/3/26 9:14,165,xs914229,4
xs000135,233.66,2018/1/9 6:37,166,xs63723,4
xs000136,163.08,2018/2/6 18:25,167,xs1825230,4
xs000137,135.93,2018/7/18 13:39,168,xs1339232,4
xs000138,267.05,2017/3/28 16:03,169,xs163233,4
xs000139,186.72,2018/6/8 12:19,170,xs1219234,4
xs000140,30,2017/7/10 12:23,171,xs1223235,4
xs000141,97.28,2018/5/16 16:10,172,xs1610236,4
xs000142,48.61,2018/7/5 18:40,174,xs1840237,4
xs000143,116.7,2017/9/20 17:12,175,xs1712238,4
xs000144,41.42,2018/2/21 17:15,176,xs1715239,4
xs000145,42.19,2018/1/10 14:18,177,xs141824,4
xs000146,125.53,2017/4/26 16:14,178,xs1614240,4
xs000147,92.76,2017/11/27 19:24,179,xs1924241,4
xs000148,348.02,2018/5/11 16:35,180,xs1635242,4
xs000149,203.3,2018/5/25 8:54,181,xs854243,4
xs000150,44.35,2017/11/26 9:32,183,xs932244,4
xs000151,116.05,2017/11/17 21:14,184,xs2114245,4
xs000152,85.14,2018/7/23 18:27,185,xs1827246,4
xs000153,236.66,2018/2/14 13:05,188,xs135247,4
xs000154,220.3,2017/4/30 22:43,189,xs2243248,4
xs000155,180.55,2018/1/10 11:33,190,xs1133249,4
xs000156,45.46,2017/5/15 16:29,191,xs162925,4
xs000157,26.08,2017/7/22 19:16,192,xs1916250,4
xs000158,375.74,2018/6/24 19:01,193,xs191251,4
xs000159,123.41,2018/7/2 12:54,194,xs1254252,4
xs000160,379.07,2017/3/6 0:14,195,xs014253,4
xs000161,2027.16,2017/10/4 23:02,196,xs232254,4
xs000162,45.5,2017/12/21 17:43,198,xs1743255,4
xs000163,91.17,2017/5/9 11:48,199,xs1148256,4
xs000164,93.26,2018/2/2 16:15,200,xs1615257,4
xs000165,30,2018/6/1 11:26,201,xs1126258,4
xs000166,165.96,2018/8/9 16:23,202,xs1623259,4
xs000167,50,2017/11/15 13:47,203,xs134726,4
xs000168,1002.73,2018/4/26 11:59,204,xs1159260,4
xs000169,116.56,2018/7/15 12:37,205,xs1237261,3
xs000170,240.52,2018/5/30 22:33,206,xs2233262,4
xs000171,33.13,2017/12/2 14:08,207,xs148263,4
xs000172,213.9,2018/3/29 14:27,208,xs1427264,4
xs000173,362.17,2018/6/25 15:36,209,xs1536265,4
xs000174,88.72,2017/9/11 7:54,210,xs754266,4
xs000175,46.85,2018/4/15 19:42,211,xs1942267,4
xs000176,68.54,2018/1/13 8:19,212,xs819268,4
xs000177,32.62,2018/4/4 8:39,213,xs839269,4
xs000178,340.08,2017/9/26 12:32,214,xs123227,4
xs000179,82.06,2018/2/28 17:00,215,xs170270,4
xs000180,40.95,2017/4/22 19:26,216,xs1926271,4
xs000181,67.01,2017/9/13 9:18,217,xs918272,4
xs000182,20,2018/1/18 9:30,218,xs930273,4
xs000183,76.9,2017/3/14 16:25,219,xs1625274,4
xs000184,40.27,2017/12/20 12:30,221,xs1230275,4
xs000185,242.1,2017/12/4 17:24,222,xs1724276,4
xs000186,207.24,2018/8/3 22:23,224,xs2223278,2
xs000187,215.56,2018/3/29 14:29,225,xs1429279,4
xs000188,39.92,2017/5/18 20:59,226,xs205928,4
xs000189,156.09,2017/6/16 0:22,227,xs022280,4
xs000190,131.5,2017/7/5 9:16,228,xs916281,4
xs000191,137.73,2018/7/27 12:45,229,xs1245282,4
xs000192,31.75,2017/7/8 14:12,230,xs1412283,4
xs000193,348.77,2018/3/15 16:59,232,xs1659285,4
xs000194,12.22,2017/6/25 19:30,233,xs1930286,4
xs000195,139.87,2018/2/28 21:27,234,xs2127287,4
xs000196,257.1,2018/4/16 21:07,235,xs217288,4
xs000197,269.46,2018/5/15 19:55,236,xs1955289,4
xs000198,40,2018/7/13 15:45,237,xs154529,4
xs000199,350.09,2017/8/1 18:52,238,xs1852290,4
xs000200,134.55,2018/7/21 12:49,239,xs1249291,4
xs000201,112.73,2017/3/9 22:17,240,xs2217292,4
xs000202,72.05,2017/12/9 17:27,241,xs1727293,4
xs000203,0.67,2018/8/1 10:48,242,xs1048294,3
xs000204,77.77,2018/4/9 13:56,243,xs1356295,4
xs000205,26.68,2018/2/10 19:27,244,xs1927296,4
xs000206,371.42,2017/4/27 11:08,245,xs118297,4
xs000207,225.71,2017/12/6 15:26,246,xs1526298,4
xs000208,103.79,2017/11/30 22:37,247,xs2237299,4
xs000209,65,2017/6/5 13:24,248,xs13243,4
xs000210,69.8,2017/9/12 16:32,249,xs163230,4
xs000211,20.09,2018/7/22 22:30,250,xs2230300,2
xs000212,125.41,2018/6/3 18:24,251,xs1824301,4
xs000213,95.99,2018/5/23 16:37,252,xs1637302,4
xs000214,25.33,2018/2/3 10:51,253,xs1051303,4
xs000215,52.57,2018/5/17 8:33,254,xs833304,4
xs000216,145.58,2018/8/10 13:42,255,xs1342305,4
xs000217,49.7,2018/4/18 20:13,256,xs2013306,4
xs000218,47.43,2017/9/27 14:43,257,xs1443307,4
xs000219,168.57,2018/2/5 17:27,258,xs1727308,4
xs000220,133.81,2017/11/16 14:32,259,xs1432309,4
xs000221,1.23,2018/1/31 13:21,260,xs132131,4
xs000222,123.82,2018/1/11 16:51,261,xs1651310,4
xs000223,283.66,2017/6/4 10:05,262,xs105311,4
xs000224,89.88,2018/3/29 16:17,263,xs1617312,4
xs000225,32.38,2017/7/17 21:55,264,xs2155313,4
xs000226,43.08,2018/5/9 14:32,265,xs1432314,4
xs000227,254.58,2018/8/8 21:11,266,xs2111315,4
xs000228,48.91,2018/4/17 11:25,267,xs1125316,4
xs000229,48.22,2017/4/22 13:48,268,xs1348317,4
xs000230,67.58,2017/12/11 21:43,269,xs2143318,4
xs000231,311.18,2018/5/4 10:29,270,xs1029319,4
xs000232,154.14,2017/11/17 19:53,271,xs195332,4
xs000233,333.68,2017/12/17 19:40,272,xs1940320,4
xs000234,404.88,2017/12/21 4:59,273,xs459321,4
xs000235,44.77,2018/2/27 10:05,274,xs105322,4
xs000236,1302.42,2018/3/18 20:59,275,xs2059323,4
xs000237,645.8,2017/1/5 13:34,276,xs1334324,4
xs000238,186.39,2017/11/24 16:56,278,xs1656325,4
xs000239,208.41,2017/12/24 17:34,279,xs1734326,4
xs000240,76.39,2018/3/29 15:08,280,xs158327,4
xs000241,67.42,2017/11/29 17:43,281,xs1743328,4
xs000242,232.05,2018/4/3 13:47,282,xs1347329,4
xs000243,69.33,2017/4/20 16:18,283,xs161833,4
xs000244,641.2,2018/1/25 23:13,285,xs2313330,4
xs000245,41.86,2018/5/8 14:38,286,xs1438332,4
xs000246,50,2018/6/16 19:05,287,xs195333,4
xs000247,106.96,2017/7/2 20:47,288,xs2047334,4
xs000248,2288.31,2018/1/23 23:59,289,xs2359335,4
xs000249,69.9,2018/1/16 22:34,290,xs2234336,4
xs000250,88.08,2018/2/22 15:04,291,xs154337,4
xs000251,117.39,2018/3/30 23:11,292,xs2311338,4
xs000252,194.91,2017/2/12 18:48,293,xs1848339,4
xs000253,68.89,2018/2/1 7:47,294,xs74734,4
xs000254,151.51,2018/6/6 14:21,295,xs1421340,4
xs000255,54.85,2017/11/17 13:12,296,xs1312341,4
xs000256,103.68,2018/1/30 17:36,297,xs1736342,4
xs000257,225.63,2018/3/7 12:08,298,xs128343,4
xs000258,39.6,2018/1/10 9:04,299,xs94344,4
xs000259,159.18,2017/2/8 18:00,300,xs180345,4
xs000260,234.43,2018/6/30 21:57,301,xs2157346,4
xs000261,44.83,2018/8/8 10:49,302,xs1049347,4
xs000262,205.44,2017/10/5 5:23,303,xs523348,4
xs000263,13.55,2018/4/10 14:58,304,xs1458349,4
xs000264,221.96,2018/2/8 18:56,305,xs185635,4
xs000265,52.38,2018/7/12 20:24,306,xs2024350,4
xs000266,131.47,2017/11/24 14:15,307,xs1415351,4
xs000267,38.06,2017/11/16 15:09,308,xs159352,4
xs000268,35,2017/8/31 17:46,309,xs1746353,4
xs000269,143.65,2018/5/15 9:10,310,xs910354,4
xs000270,86.73,2018/1/22 19:22,311,xs1922355,4
xs000271,118.35,2018/6/16 0:01,312,xs01356,4
xs000272,341.58,2018/7/28 18:21,313,xs1821357,4
xs000273,105.42,2017/11/28 21:07,314,xs217358,4
xs000274,68.16,2018/2/11 14:13,315,xs1413359,4
xs000275,357.97,2018/3/17 15:21,316,xs152136,4
xs000276,2.99,2018/6/3 11:52,317,xs1152360,4
xs000277,92.57,2018/5/7 21:49,318,xs2149361,4
xs000278,68.35,2018/3/9 14:58,319,xs1458362,4
xs000279,197.23,2018/2/27 15:53,320,xs1553364,4
xs000280,153.67,2018/1/24 11:40,321,xs1140365,4
xs000281,46.43,2018/6/9 11:02,322,xs112366,4
xs000282,102.03,2017/11/11 22:16,323,xs2216367,4
xs000283,119.45,2018/6/28 11:08,324,xs118368,4
xs000284,44.23,2018/8/1 14:58,325,xs1458369,4
xs000285,67.5,2017/11/24 17:37,326,xs173737,4
xs000286,8.75,2018/2/3 14:56,327,xs1456370,4
xs000287,44.27,2017/4/27 10:24,328,xs1024371,4
xs000288,37.15,2018/4/10 16:22,329,xs1622374,4
xs000289,114.13,2017/11/13 10:07,330,xs107375,4
xs000290,396.97,2018/7/23 10:21,332,xs1021376,4
xs000291,185.85,2018/4/3 20:44,333,xs2044377,4
xs000292,62.11,2018/1/12 19:27,334,xs1927378,4
xs000293,25.23,2017/7/24 17:19,335,xs1719379,4
xs000294,153.22,2018/3/7 23:46,336,xs234638,4
xs000295,145.01,2018/6/5 11:36,337,xs1136381,4
xs000296,70.89,2018/2/15 23:27,338,xs2327382,4
xs000297,114.34,2017/6/29 0:10,339,xs010384,4
xs000298,31.38,2018/1/19 21:07,340,xs217385,4
xs000299,256.5,2018/3/29 12:00,341,xs120386,4
xs000300,341.4,2018/6/28 12:52,342,xs1252387,4
xs000301,143.99,2018/3/15 20:23,343,xs2023389,4
xs000302,84.88,2018/3/27 22:14,344,xs221439,4
xs000303,232.27,2018/8/3 13:32,345,xs1332390,4
xs000304,194,2017/1/21 17:08,346,xs178391,4
xs000305,260.57,2017/9/26 11:08,347,xs118392,4
xs000306,49.59,2018/2/28 8:57,348,xs857393,4
xs000307,196.55,2017/9/13 15:07,349,xs157394,4
xs000308,245.94,2018/8/9 20:36,350,xs2036395,4
xs000309,72.42,2017/12/7 9:40,351,xs940397,4
xs000310,217.15,2018/5/30 2:41,352,xs241398,4
xs000311,152.28,2017/6/27 10:45,353,xs1045399,4
xs000312,72.34,2017/12/8 4:45,354,xs4454,4
xs000313,128.95,2018/3/9 15:09,355,xs15940,4
xs000314,56.85,2017/9/11 11:50,356,xs1150400,4
xs000315,20.29,2018/6/12 9:52,357,xs952401,4
xs000316,171.75,2018/7/3 1:17,358,xs117402,4
xs000317,85.82,2017/5/23 15:28,359,xs1528403,4
xs000318,56.05,2017/11/29 18:27,360,xs1827404,4
xs000319,26.09,2018/1/14 18:49,361,xs1849405,4
xs000320,41.17,2017/8/23 15:40,362,xs1540406,4
xs000321,37.25,2017/9/10 22:32,364,xs2232408,4
xs000322,135.13,2018/8/21 16:45,365,xs1645409,4
xs000323,477.45,2018/5/27 17:59,366,xs175941,4
xs000324,440.12,2017/5/20 2:48,367,xs248410,4
xs000325,67.7,2016/10/5 22:44,368,xs2244411,4
xs000326,168.51,2017/7/28 11:25,369,xs1125412,4
xs000327,31.86,2017/12/5 10:34,370,xs1034413,4
xs000328,40.87,2018/3/7 15:37,371,xs1537414,4
xs000329,109.59,2018/8/20 17:38,374,xs1738415,4
xs000330,206.87,2018/2/9 13:48,375,xs1348416,4
xs000331,134.38,2018/8/2 14:41,376,xs1441417,4
xs000332,56.06,2018/1/2 19:20,377,xs1920418,4
xs000333,264.08,2018/4/18 15:40,378,xs1540419,4
xs000334,240.77,2018/3/17 15:32,379,xs153242,4
xs000335,91.72,2018/1/5 11:04,381,xs114420,4
xs000336,49.01,2018/5/14 11:04,382,xs114421,4
xs000337,107.87,2017/11/26 12:50,384,xs1250422,4
xs000338,62.01,2018/6/26 10:58,385,xs1058423,4
xs000339,36.69,2017/12/1 20:39,386,xs2039424,4
xs000340,35,2017/5/26 18:35,387,xs1835425,4
xs000341,256.37,2017/8/9 21:43,389,xs2143426,4
xs000342,47.84,2018/8/9 22:52,390,xs2252427,4
xs000343,125.87,2018/4/1 18:27,391,xs1827428,4
xs000344,42.39,2017/4/19 13:45,392,xs1345429,4
xs000345,117.53,2017/8/17 17:03,393,xs17343,4
xs000346,43.28,2018/8/16 10:39,394,xs1039430,4
xs000347,144.54,2018/7/1 20:54,395,xs2054431,4
xs000348,126.48,2018/2/22 20:53,397,xs2053432,4
xs000349,125.29,2018/8/24 19:01,398,xs191433,1
xs000350,229.74,2018/8/11 20:58,399,xs2058436,4
xs000351,124.6,2018/2/25 14:13,400,xs1413437,4
xs000352,143.86,2018/7/11 17:22,401,xs1722438,4
xs000353,56.89,2018/7/31 16:16,402,xs1616439,4
xs000354,46.78,2017/10/11 17:31,403,xs173144,4
xs000355,3.98,2018/5/9 17:11,404,xs1711440,4
xs000356,72.66,2017/11/25 16:23,405,xs1623441,4
xs000357,50.1,2018/7/24 12:45,406,xs1245442,4
xs000358,85.79,2017/5/8 12:22,408,xs1222443,4
xs000359,63.7,2018/3/29 22:46,409,xs2246444,4
xs000360,1586.47,2018/4/22 14:26,410,xs1426445,4
xs000361,433.07,2018/7/22 6:24,411,xs624446,4
xs000362,642.02,2018/8/14 17:48,412,xs1748447,4
xs000363,263.95,2017/12/19 13:02,413,xs132448,4
xs000364,134.99,2017/10/25 13:32,414,xs1332449,4
xs000365,57.89,2017/7/31 19:05,415,xs19545,4
xs000366,383.99,2018/7/6 18:16,416,xs1816450,4
xs000367,159.31,2017/10/24 14:23,417,xs1423451,4
xs000368,756.91,2018/6/12 20:54,418,xs2054452,4
xs000369,156.22,2017/11/9 21:08,419,xs218453,4
xs000370,132.95,2017/2/23 8:03,420,xs83454,4
xs000371,48.27,2017/6/17 13:16,421,xs1316455,4
xs000372,107.35,2017/5/29 12:35,422,xs1235456,4
xs000373,110.2,2018/5/24 12:16,423,xs1216457,4
xs000374,368.92,2018/6/3 21:08,424,xs218458,4
xs000375,106.85,2018/6/8 20:06,425,xs206459,4
xs000376,281.5,2018/5/14 17:56,426,xs175646,4
xs000377,54.25,2018/1/29 13:38,427,xs1338460,4
xs000378,121.78,2017/11/24 1:34,428,xs134462,4
xs000379,102.26,2016/10/5 7:31,429,xs731463,4
xs000380,90.62,2018/3/7 16:27,430,xs1627464,4
xs000381,75.69,2017/3/22 17:25,431,xs1725465,4
xs000382,42.86,2017/11/6 18:20,432,xs1820466,4
xs000383,35.7,2017/5/19 18:13,433,xs1813467,4
xs000384,444.25,2017/12/16 13:51,436,xs1351468,4
xs000385,69.16,2018/4/18 13:13,437,xs1313469,4
xs000386,30,2018/3/29 20:53,438,xs205347,4
xs000387,65.71,2018/6/23 19:24,439,xs1924470,4
xs000388,29.29,2018/8/6 9:12,440,xs912471,4
xs000389,37.74,2017/6/2 14:00,441,xs140472,4
xs000390,30,2017/11/6 16:24,442,xs1624473,4
xs000391,145.9,2018/6/27 11:10,443,xs1110474,4
xs000392,79.88,2017/4/14 22:06,444,xs226475,4
xs000393,108,2018/3/26 11:02,445,xs112476,4
xs000394,348.74,2017/12/4 18:26,446,xs1826477,4
xs000395,88.78,2018/6/13 22:54,447,xs2254479,4
xs000396,953.71,2018/2/2 15:26,448,xs152648,4
xs000397,125.77,2017/8/10 19:47,449,xs1947480,4
xs000398,64.05,2018/8/4 14:29,450,xs1429481,4
xs000399,127.69,2017/9/5 18:24,451,xs1824482,4
xs000400,62.42,2017/12/7 20:38,452,xs2038484,4
xs000401,55.69,2017/11/19 16:12,453,xs1612485,4
xs000402,146.13,2017/12/8 23:41,454,xs2341486,4
xs000403,349.99,2017/5/10 14:03,455,xs143487,4
xs000404,91.28,2017/11/30 13:34,456,xs1334488,4
xs000405,108.64,2018/3/19 21:50,457,xs2150489,4
xs000406,158.98,2018/3/4 15:58,458,xs155849,4
xs000407,20.75,2018/7/2 13:58,459,xs1358490,4
xs000408,72.9,2017/4/6 13:44,460,xs1344492,4
xs000409,543.83,2018/8/12 12:04,462,xs124493,4
xs000410,67.12,2017/7/16 10:04,463,xs104494,4
xs000411,139.07,2018/7/28 20:07,464,xs207495,4
xs000412,126.68,2017/10/18 16:44,465,xs1644496,4
xs000413,41.42,2017/8/28 22:47,466,xs2247497,4
xs000414,203.16,2017/12/21 20:11,467,xs2011499,4
xs000415,540.02,2017/11/27 13:33,468,xs13335,4
xs000416,368.6,2018/7/22 13:04,469,xs13450,4
xs000417,107.78,2018/5/8 19:48,470,xs1948500,4
xs000418,387.27,2017/11/18 11:30,471,xs1130501,4
xs000419,107.23,2017/5/11 9:13,472,xs913502,4
xs000420,101.25,2017/12/27 19:19,473,xs1919503,4
xs000421,26.09,2018/1/9 11:19,474,xs1119504,4
xs000422,244.35,2018/6/23 18:07,475,xs187505,4
xs000423,117.85,2018/7/3 19:34,476,xs1934506,4
xs000424,171.32,2017/6/8 21:18,477,xs2118509,4
xs000425,202.44,2017/10/17 18:22,479,xs182251,4
xs000426,73.03,2017/9/8 13:37,480,xs1337510,4
xs000427,264.67,2017/7/17 9:29,481,xs929511,4
xs000428,68.7,2018/5/7 20:57,482,xs2057512,4
xs000429,55.13,2018/8/1 16:54,484,xs1654513,4
xs000430,92.99,2018/8/21 10:19,485,xs1019515,4
xs000431,36,2017/4/25 13:35,486,xs1335516,4
xs000432,17.87,2018/5/4 21:40,487,xs2140517,4
xs000433,58.38,2018/3/8 15:59,488,xs1559518,4
xs000434,50,2018/6/11 13:00,489,xs130519,4
xs000435,1995.69,2017/6/13 11:13,490,xs111352,4
xs000436,130.14,2017/8/4 21:44,492,xs2144520,4
xs000437,710.23,2017/10/6 18:22,493,xs1822521,4
xs000438,68,2018/5/19 12:14,494,xs1214522,4
xs000439,59.51,2017/8/5 19:30,495,xs1930523,4
xs000440,371.94,2017/10/31 9:59,496,xs959524,4
xs000441,667.99,2017/9/11 9:40,497,xs940525,4
xs000442,63.89,2018/3/7 16:42,499,xs1642526,4
xs000443,49.34,2018/1/13 15:43,500,xs1543527,4
xs000444,147,2018/6/19 0:26,501,xs026528,4
xs000445,354.64,2017/11/24 9:23,502,xs923529,4
xs000446,59.71,2018/3/16 11:31,503,xs113153,4
xs000447,408.66,2017/10/12 23:11,504,xs2311530,4
xs000448,51.66,2018/8/6 22:25,505,xs2225531,4
xs000449,386.46,2018/6/16 18:31,506,xs1831532,4
xs000450,69.54,2017/4/29 20:09,509,xs209533,4
xs000451,21.94,2018/2/17 10:33,510,xs1033534,4
xs000452,52.34,2018/8/1 17:57,511,xs1757535,4
xs000453,114.25,2018/3/4 22:59,512,xs2259536,4
xs000454,162.83,2018/2/21 13:18,513,xs1318537,4
xs000455,172.92,2017/10/9 19:42,515,xs1942538,4
xs000456,81.72,2017/8/1 18:17,516,xs1817539,4
xs000457,151.79,2018/1/26 13:32,517,xs133254,4
xs000458,243.62,2017/1/27 0:34,518,xs034540,4
xs000459,56.42,2017/9/18 1:02,519,xs12541,4
xs000460,45.13,2017/4/3 23:09,520,xs239542,4
xs000461,108.64,2018/6/4 8:33,521,xs833543,4
xs000462,64.51,2017/9/14 18:32,522,xs1832544,4
xs000463,193.5,2017/2/17 17:37,523,xs1737545,4
xs000464,110.63,2018/2/5 17:40,524,xs1740546,4
xs000465,200.55,2017/1/25 15:47,525,xs1547547,4
xs000466,41.71,2017/4/27 14:17,526,xs1417548,4
xs000467,54.43,2018/6/15 21:45,527,xs2145549,4
xs000468,77.64,2017/12/6 9:53,528,xs95355,4
xs000469,280.08,2017/1/14 15:42,529,xs1542550,4
xs000470,101.34,2018/8/1 16:37,530,xs1637551,4
xs000471,77.57,2018/5/20 10:33,531,xs1033552,4
xs000472,60.2,2018/7/1 21:12,532,xs2112553,4
xs000473,48.1,2017/5/21 21:10,533,xs2110554,4
xs000474,76.02,2018/3/14 11:22,534,xs1122555,4
xs000475,84.56,2017/10/31 21:47,535,xs2147556,4
xs000476,20,2017/10/4 17:56,536,xs1756557,4
xs000477,48.16,2018/1/17 9:55,537,xs955558,4
xs000478,265.41,2018/7/20 11:46,538,xs1146559,4
xs000479,127.53,2017/12/14 9:06,539,xs9656,4
xs000480,128.73,2018/6/19 13:22,540,xs1322560,4
xs000481,37.37,2018/4/2 13:01,541,xs131561,4
xs000482,150.15,2018/7/4 16:49,542,xs1649562,4
xs000483,36.16,2017/4/13 17:26,543,xs1726564,4
xs000484,198,2018/7/24 11:32,544,xs1132565,4
xs000485,112.4,2017/7/5 11:55,545,xs1155566,4
xs000486,35.4,2018/4/30 20:24,546,xs2024567,4
xs000487,189.98,2017/5/3 14:31,547,xs1431568,4
xs000488,228.6,2018/5/25 22:10,548,xs2210569,4
xs000489,314.21,2017/10/12 13:33,549,xs133357,4
xs000490,22.29,2017/3/13 11:36,550,xs1136570,4
xs000491,257.3,2017/11/20 16:21,551,xs1621571,4
xs000492,162.99,2017/11/26 15:47,552,xs1547572,4
xs000493,51.03,2018/6/1 15:34,553,xs1534573,4
xs000494,190.09,2017/12/23 15:50,554,xs1550574,4
xs000495,374.24,2017/12/1 7:15,555,xs715575,4
xs000496,53.15,2017/12/3 20:22,556,xs2022576,4
xs000497,88.2,2017/10/4 11:31,557,xs1131577,4
xs000498,25.9,2018/8/21 20:36,558,xs2036578,4
xs000499,46.81,2017/11/2 14:51,559,xs1451579,4
xs000500,131.47,2017/6/23 11:23,560,xs112358,4
xs000501,258.71,2018/5/10 16:04,561,xs164580,4
xs000502,84.23,2017/2/13 9:35,562,xs935581,4
xs000503,156.73,2017/9/13 20:30,564,xs2030582,4
xs000504,69.9,2018/4/11 14:59,565,xs1459583,4
xs000505,48.13,2017/3/19 23:15,566,xs2315584,4
xs000506,187.15,2017/11/3 12:56,567,xs1256585,4
xs000507,69.99,2017/11/27 19:41,568,xs1941586,4
xs000508,25,2018/7/18 16:16,569,xs1616588,4
xs000509,162.1,2018/5/6 10:27,570,xs1027589,4
xs000510,57.11,2017/11/11 12:10,571,xs121059,4
xs000511,154.87,2017/2/20 21:31,572,xs2131590,4
xs000512,236.81,2018/3/7 17:53,573,xs1753591,4
xs000513,102.53,2018/6/24 8:21,574,xs821592,4
xs000514,65.1,2018/8/6 18:45,575,xs1845593,4
xs000515,93.64,2017/8/4 10:46,576,xs1046594,4
xs000516,64.09,2018/5/3 14:31,577,xs1431595,4
xs000517,279.4,2017/12/2 7:55,578,xs755596,4
xs000518,205.43,2018/1/1 23:15,579,xs2315598,4
xs000519,89.57,2017/9/3 15:21,580,xs1521599,4
xs000520,75.07,2018/2/3 0:18,581,xs0186,4
xs000521,63.23,2018/7/11 19:25,582,xs192560,4
xs000522,0.52,2017/2/7 12:01,583,xs121600,4
xs000523,231.27,2017/3/23 12:21,584,xs1221601,4
xs000524,41.69,2018/7/30 18:25,585,xs1825602,4
xs000525,69.41,2018/2/9 15:26,586,xs1526603,4
xs000526,72.75,2018/5/4 20:19,588,xs2019604,4
xs000527,24.29,2017/11/26 12:15,589,xs1215605,4
xs000528,88.49,2018/2/15 15:07,590,xs157607,4
xs000529,71.66,2017/8/31 5:31,591,xs531608,4
xs000530,80.81,2017/2/11 10:53,592,xs1053609,4
xs000531,132.82,2017/5/8 14:59,593,xs145961,4
xs000532,394.07,2018/8/27 13:57,594,xs1357612,1
xs000533,165.5,2017/2/6 15:43,595,xs1543613,4
xs000534,98.47,2018/1/16 10:02,596,xs102614,4
xs000535,49.77,2018/5/18 11:26,598,xs1126615,4
xs000536,180.91,2018/1/22 19:19,599,xs1919616,4
xs000537,40.63,2017/11/29 13:03,600,xs133617,4
xs000538,71.63,2017/12/26 2:35,601,xs235618,4
xs000539,262.94,2017/12/12 20:54,602,xs2054619,4
xs000540,62.22,2018/8/4 9:09,603,xs9962,4
xs000541,311.57,2017/6/26 7:04,604,xs74620,4
xs000542,93.22,2018/2/24 8:45,605,xs845622,4
xs000543,100.21,2018/8/5 11:05,607,xs115623,4
xs000544,125.43,2017/11/26 11:38,608,xs1138624,4
xs000545,80.55,2018/3/23 11:43,609,xs1143625,4
xs000546,373.44,2018/5/17 7:17,612,xs717626,4
xs000547,62.31,2017/12/9 17:13,613,xs1713627,4
xs000548,36.35,2018/5/2 13:17,614,xs1317628,4
xs000549,29.38,2018/1/25 19:46,615,xs1946629,4
xs000550,102.47,2018/3/1 12:43,616,xs124363,4
xs000551,130,2017/11/16 23:40,617,xs2340630,4
xs000552,69.13,2018/1/4 13:14,618,xs1314631,4
xs000553,86.24,2018/8/1 13:30,619,xs1330632,4
xs000554,74.29,2017/10/17 15:58,620,xs1558633,4
xs000555,70.72,2017/11/16 16:20,622,xs1620634,4
xs000556,199,2018/1/18 12:35,623,xs1235635,4
xs000557,340.47,2017/9/8 14:56,624,xs1456636,4
xs000558,48.74,2018/7/29 0:48,625,xs048637,4
xs000559,28.08,2017/4/25 21:33,626,xs2133638,4
xs000560,59.9,2018/4/26 9:49,627,xs949639,4
xs000561,166.29,2018/3/1 20:30,628,xs203064,4
xs000562,51.1,2018/8/16 9:44,629,xs944640,4
xs000563,67.83,2018/1/25 8:43,630,xs843641,4
xs000564,164.35,2017/8/16 8:00,631,xs80642,4
xs000565,79.09,2018/5/21 13:16,632,xs1316643,4
xs000566,93.69,2018/5/12 0:18,633,xs018645,4
xs000567,59.82,2018/1/3 16:29,634,xs1629646,4
xs000568,159.03,2017/8/31 9:31,635,xs931648,4
xs000569,92.57,2017/7/12 18:45,636,xs1845649,4
xs000570,42.77,2018/6/14 18:37,637,xs183765,4
xs000571,453.74,2018/3/8 19:06,638,xs196650,4
xs000572,234.08,2017/5/8 16:31,639,xs1631651,4
xs000573,67.62,2017/11/16 13:18,640,xs1318652,4
xs000574,19.33,2017/6/29 23:08,641,xs238653,4
xs000575,143.18,2017/8/26 10:26,642,xs1026654,4
xs000576,112.83,2018/1/15 0:14,643,xs014656,4
xs000577,85.92,2018/6/5 19:53,645,xs1953657,4
xs000578,102.05,2017/3/4 9:55,646,xs955658,4
xs000579,134.12,2017/7/4 23:29,648,xs2329659,4
xs000580,112.13,2017/5/19 14:12,649,xs141266,4
xs000581,70.75,2018/4/24 22:18,650,xs2218660,4
xs000582,77.6,2017/9/13 17:53,651,xs1753661,4
xs000583,197.04,2017/11/20 11:44,652,xs1144662,4
xs000584,93.18,2018/4/4 0:33,653,xs033663,4
xs000585,44.72,2018/1/19 18:07,654,xs187664,4
xs000586,26.38,2018/5/7 1:09,656,xs19665,4
xs000587,149.14,2018/1/31 11:31,657,xs1131666,4
xs000588,106.32,2018/5/31 10:16,658,xs1016667,4
xs000589,246.96,2017/7/31 20:47,659,xs2047668,4
xs000590,22.29,2018/5/31 17:47,660,xs1747669,4
xs000591,57.48,2018/7/12 22:14,661,xs221467,4
xs000592,105.28,2017/12/7 15:40,662,xs1540670,4
xs000593,203.54,2017/12/10 23:35,663,xs2335671,4
xs000594,330.4,2017/7/24 16:14,664,xs1614672,4
xs000595,108.68,2017/7/27 23:29,665,xs2329673,4
xs000596,415.93,2018/4/19 19:34,666,xs1934674,4
xs000597,314.21,2017/11/28 8:02,667,xs82675,4
xs000598,206.08,2018/6/28 10:28,668,xs1028676,4
xs000599,27.7,2017/10/16 18:26,669,xs1826677,4
xs000600,19.48,2018/1/23 10:15,670,xs1015678,4
xs000601,121.09,2018/8/19 11:28,671,xs1128679,4
xs000602,206.76,2018/5/26 23:52,672,xs235268,4
xs000603,142.21,2017/9/21 22:33,673,xs2233680,4
xs000604,73.34,2018/5/4 0:12,674,xs012681,4
xs000605,72.62,2017/12/20 14:00,675,xs140682,4
xs000606,86.24,2018/5/13 22:50,676,xs2250683,4
xs000607,230.1,2018/2/16 9:17,677,xs917685,4
xs000608,206.14,2017/12/10 16:46,678,xs1646686,4
xs000609,212.73,2017/12/11 23:18,679,xs2318687,4
xs000610,94.82,2017/3/10 11:45,680,xs1145688,4
xs000611,126.44,2017/10/28 21:26,681,xs2126689,4
xs000612,140.08,2018/2/22 14:54,682,xs145469,4
xs000613,68.87,2017/7/3 16:42,683,xs1642690,4
xs000614,87.58,2018/1/26 21:34,685,xs2134691,4
xs000615,305.19,2018/4/24 10:29,686,xs1029693,4
xs000616,161.88,2018/8/16 13:50,687,xs1350694,4
xs000617,88.08,2017/8/28 20:27,688,xs2027695,4
xs000618,92.5,2018/6/27 16:11,689,xs1611696,4
xs000619,43,2017/10/17 17:02,690,xs172697,4
xs000620,116.36,2018/1/6 21:37,691,xs2137698,4
xs000621,64.48,2018/2/15 11:58,693,xs1158699,4
xs000622,37.69,2017/10/26 20:30,694,xs20307,4
xs000623,150.52,2018/3/3 17:11,695,xs171170,4
xs000624,314.3,2018/6/23 19:29,696,xs1929700,4
xs000625,396.35,2017/10/22 14:25,697,xs1425701,4
xs000626,98.33,2017/9/20 11:35,698,xs1135702,4
xs000627,120.92,2018/7/31 20:47,699,xs2047704,4
xs000628,76.17,2018/3/10 23:24,700,xs2324705,4
xs000629,104.43,2018/7/20 12:25,701,xs1225706,4
xs000630,105.94,2017/10/4 23:23,702,xs2323707,4
xs000631,110.04,2018/1/21 16:46,704,xs1646708,4
xs000632,730.95,2018/7/31 21:51,705,xs2151709,4
xs000633,128.77,2017/3/6 21:15,706,xs211571,4
xs000634,82.1,2017/7/8 17:35,707,xs1735710,4
xs000635,53.39,2017/5/11 21:36,708,xs2136711,4
xs000636,61.79,2018/1/22 15:24,709,xs1524712,4
xs000637,86.83,2018/3/10 20:39,710,xs2039713,4
xs000638,45.3,2018/8/7 14:12,711,xs1412714,4
xs000639,25.5,2017/12/27 20:24,712,xs2024715,4
xs000640,103.79,2017/4/15 23:53,713,xs2353716,4
xs000641,114.28,2018/4/15 22:11,714,xs2211717,4
xs000642,57.78,2017/9/11 15:39,715,xs1539718,4
xs000643,124.15,2017/2/25 14:34,716,xs1434719,4
xs000644,64.1,2018/5/17 16:34,717,xs163472,4
xs000645,179.92,2017/9/16 9:20,718,xs920720,4
xs000646,40.01,2018/2/27 8:31,719,xs831721,4
xs000647,104.27,2017/3/24 15:50,720,xs1550722,4
xs000648,307.96,2018/6/15 20:16,721,xs2016723,4
xs000649,31.29,2017/5/31 20:57,722,xs2057724,4
xs000650,38.13,2018/7/13 19:38,723,xs1938725,4
xs000651,52.01,2018/4/30 11:18,724,xs1118726,4
xs000652,35.05,2017/3/8 19:55,725,xs1955727,4
xs000653,186.49,2018/5/6 19:45,726,xs1945728,4
xs000654,99.95,2017/5/2 16:35,727,xs1635729,4
xs000655,215.62,2018/2/17 16:39,728,xs163973,4
xs000656,206.2,2018/5/16 13:47,729,xs1347732,4
xs000657,55.06,2017/6/19 18:00,732,xs180733,4
xs000658,21.04,2017/11/26 11:20,733,xs1120734,4
xs000659,26.45,2018/1/19 0:48,734,xs048735,4
xs000660,127.53,2017/11/23 14:31,735,xs1431736,4
xs000661,223.14,2018/4/16 14:21,736,xs1421737,4
xs000662,56.41,2018/5/5 9:22,737,xs922738,4
xs000663,566.63,2018/3/6 14:21,738,xs1421739,4
xs000664,39.41,2017/6/20 13:08,739,xs13874,4
xs000665,148.64,2017/8/2 15:36,740,xs1536740,4
xs000666,64,2018/4/28 22:02,741,xs222741,4
xs000667,151.09,2017/10/12 20:26,742,xs2026742,4
xs000668,93.91,2017/12/11 11:50,743,xs1150743,4
xs000669,71.14,2017/11/18 14:33,744,xs1433744,4
xs000670,188.06,2017/7/5 8:49,745,xs849745,4
xs000671,257.21,2018/5/23 14:21,746,xs1421746,4
xs000672,692.94,2017/12/16 15:29,747,xs1529747,4
xs000673,181.1,2018/4/12 14:37,748,xs1437748,4
xs000674,202.26,2018/7/27 11:58,749,xs1158749,4
xs000675,164.15,2018/1/28 11:47,750,xs114775,4
xs000676,137.13,2017/8/31 7:27,751,xs727750,4
xs000677,2.01,2018/2/23 13:12,752,xs1312751,4
xs000678,272.58,2017/12/11 7:50,753,xs750752,4
xs000679,87.36,2017/12/15 23:33,754,xs2333753,4
xs000680,16.54,2017/9/17 18:52,755,xs1852754,4
xs000681,234.19,2018/3/31 11:48,756,xs1148755,4
xs000682,86.37,2017/5/14 9:36,758,xs936756,4
xs000683,33,2018/5/10 17:48,759,xs1748758,4
xs000684,10.89,2018/6/24 13:38,760,xs1338759,4
xs000685,84.14,2018/7/25 7:39,761,xs73976,4
xs000686,43.28,2018/2/12 17:33,762,xs1733760,4
xs000687,47.95,2017/5/6 11:20,763,xs1120761,4
xs000688,76.08,2017/8/14 17:38,764,xs1738762,4
xs000689,104.37,2017/11/30 11:05,765,xs115763,4
xs000690,69.61,2017/2/10 16:37,766,xs1637764,4
xs000691,121.09,2018/2/19 0:38,767,xs038765,4
xs000692,238.65,2018/8/24 9:55,768,xs955766,1
xs000693,181.59,2018/7/20 11:28,769,xs1128767,4
xs000694,135.26,2018/7/23 11:30,770,xs1130768,4
xs000695,51.09,2017/11/26 13:24,771,xs1324769,4
xs000696,1783.44,2017/11/19 20:06,772,xs20677,4
xs000697,145.01,2018/6/3 9:59,773,xs959770,4
xs000698,231.27,2017/11/13 16:23,775,xs1623771,4
xs000699,70.03,2017/11/30 15:27,776,xs1527772,4
xs000700,1432.92,2016/10/5 15:08,777,xs158773,4
xs000701,45.24,2017/5/23 20:19,778,xs2019775,4
xs000702,50,2018/6/22 13:43,780,xs1343776,4
xs000703,64.01,2017/11/23 22:27,781,xs2227777,4
xs000704,148.18,2018/1/26 18:30,782,xs1830778,4
xs000705,171.53,2018/4/24 13:35,783,xs133578,4
xs000706,86.15,2017/12/15 21:32,784,xs2132780,4
xs000707,22.79,2018/8/3 16:29,785,xs1629781,4
xs000708,58.16,2017/12/1 21:39,786,xs2139782,4
xs000709,149.42,2018/6/21 10:46,788,xs1046783,4
xs000710,44.53,2018/7/22 23:18,789,xs2318784,4
xs000711,152.82,2017/9/5 10:54,790,xs1054785,4
xs000712,82.92,2018/8/14 14:49,791,xs1449786,4
xs000713,66.69,2018/8/8 1:23,792,xs123788,4
xs000714,52.75,2018/7/18 18:42,793,xs1842789,4
xs000715,105.94,2017/1/22 14:09,795,xs14979,4
xs000716,413.31,2018/4/8 13:20,796,xs1320790,4
xs000717,112.09,2018/3/15 15:57,797,xs1557791,4
xs000718,186.36,2018/1/29 21:09,798,xs219792,4
xs000719,165.22,2017/6/27 17:58,799,xs1758793,4
xs000720,49.02,2018/5/2 22:17,800,xs2217795,4
xs000721,173.68,2018/3/30 20:27,801,xs2027796,4
xs000722,205.07,2018/3/12 16:54,802,xs1654797,4
xs000723,21.04,2018/2/21 18:47,805,xs1847798,4
xs000724,132.68,2018/6/20 16:44,806,xs1644799,4
xs000725,36.09,2018/5/7 15:38,807,xs15388,4
xs000726,66.44,2017/8/31 11:38,808,xs113880,4
xs000727,161.62,2017/6/16 23:17,809,xs2317800,4
xs000728,27.75,2017/5/7 13:53,810,xs1353801,4
xs000729,91.28,2018/7/17 21:25,811,xs2125802,4
xs000730,81.93,2018/8/2 12:25,812,xs1225805,4
xs000731,167.92,2017/2/26 17:33,813,xs1733806,4
xs000732,61.36,2017/10/24 9:13,814,xs913807,4
xs000733,60,2018/4/9 22:02,815,xs222808,4
xs000734,39.01,2018/5/24 18:32,816,xs1832809,4
xs000735,39.78,2018/5/16 12:22,817,xs122281,4
xs000736,64.23,2017/11/16 13:54,818,xs1354810,4
xs000737,186.92,2017/6/5 8:45,819,xs845811,4
xs000738,43.29,2018/1/8 19:39,820,xs1939812,4
xs000739,59.13,2018/1/11 12:20,821,xs1220813,4
xs000740,33.51,2018/4/13 12:10,822,xs1210814,4
xs000741,33.1,2018/4/6 19:17,823,xs1917815,4
xs000742,148.06,2017/11/24 20:09,824,xs209816,4
xs000743,189.56,2018/6/27 11:57,825,xs1157817,4
xs000744,105.38,2017/10/18 15:53,826,xs1553818,4
xs000745,69.06,2017/11/16 17:01,827,xs171819,4
xs000746,85.24,2018/3/21 15:30,828,xs153082,4
xs000747,179.46,2017/5/25 13:50,829,xs1350820,4
xs000748,168.35,2017/11/28 0:34,830,xs034821,4
xs000749,100,2017/8/5 14:39,831,xs1439822,4
xs000750,77.89,2017/8/20 11:07,832,xs117823,4
xs000751,99.43,2018/7/13 13:42,833,xs1342824,4
xs000752,407.9,2017/12/5 15:24,834,xs1524825,4
xs000753,15,2017/5/6 12:28,835,xs1228826,4
xs000754,424.04,2018/4/12 14:05,836,xs145827,4
xs000755,157.2,2017/4/15 22:00,838,xs220828,4
xs000756,162.03,2017/12/8 11:38,839,xs1138829,4
xs000757,188.5,2017/3/29 23:16,840,xs231683,4
xs000758,65.47,2017/10/24 17:39,841,xs1739830,4
xs000759,39.42,2018/3/23 16:39,842,xs1639831,4
xs000760,365.32,2017/6/5 11:44,843,xs1144832,4
xs000761,65.11,2017/12/28 18:40,844,xs1840833,4
xs000762,188.34,2018/1/26 15:52,845,xs1552834,4
xs000763,35.4,2018/3/24 11:58,846,xs1158835,4
xs000764,590.72,2018/5/14 16:18,847,xs1618836,4
xs000765,36.75,2017/8/2 13:18,849,xs1318838,4
xs000766,81.73,2017/3/7 11:47,850,xs1147839,4
xs000767,17.86,2017/6/10 18:02,851,xs18284,4
xs000768,108.97,2018/2/25 18:53,852,xs1853840,4
xs000769,569.66,2018/1/11 22:59,853,xs2259841,4
xs000770,48.13,2017/11/8 17:08,854,xs178842,4
xs000771,63.1,2017/10/12 21:46,855,xs2146843,4
xs000772,39.42,2017/8/3 10:39,856,xs1039844,4
xs000773,74.03,2018/6/13 11:29,857,xs1129845,4
xs000774,66.78,2017/3/25 23:51,858,xs2351846,4
xs000775,36.59,2018/3/6 17:12,859,xs1712847,4
xs000776,272.64,2018/7/16 23:40,860,xs2340849,4
xs000777,64.34,2017/7/10 20:58,861,xs2058850,4
xs000778,49.05,2018/1/29 13:09,862,xs139851,4
xs000779,163.69,2017/10/22 16:11,864,xs1611852,4
xs000780,443.85,2018/6/24 11:32,865,xs1132853,4
xs000781,165.31,2017/3/27 14:04,866,xs144854,4
xs000782,1180.51,2017/10/27 19:00,867,xs190855,4
xs000783,706.84,2018/7/16 8:52,868,xs852856,4
xs000784,20,2018/1/11 18:37,869,xs1837857,4
xs000785,135.97,2017/12/25 20:14,870,xs2014858,4
xs000786,56.99,2017/3/5 22:44,871,xs2244859,4
xs000787,43.58,2017/12/17 11:25,872,xs112586,4
xs000788,48.15,2018/1/11 21:42,873,xs2142860,4
xs000789,76.87,2018/8/14 16:20,874,xs1620861,4
xs000790,2.78,2018/1/25 23:32,875,xs2332862,4
xs000791,123.59,2018/1/19 9:51,876,xs951864,4
xs000792,128.07,2018/5/21 12:21,877,xs1221865,4
xs000793,185.84,2017/11/28 10:27,878,xs1027866,4
xs000794,85.81,2018/6/16 19:48,880,xs1948867,4
xs000795,149.54,2017/4/30 18:34,881,xs1834868,4
xs000796,32.38,2017/2/12 12:30,882,xs1230869,4
xs000797,23.38,2018/2/27 10:31,883,xs103187,4
xs000798,98.86,2017/3/7 6:35,884,xs635870,4
xs000799,124.21,2018/2/10 11:48,886,xs1148871,4
xs000800,191.58,2018/5/28 12:53,887,xs1253872,4
xs000801,123.04,2018/5/14 11:28,888,xs1128873,4
xs000802,26.38,2017/11/13 11:16,889,xs1116874,4
xs000803,71.49,2018/4/12 9:52,890,xs952875,4
xs000804,153.98,2017/10/25 18:57,891,xs1857876,4
xs000805,55.91,2017/11/17 13:00,892,xs130877,4
xs000806,86.06,2017/8/14 21:13,893,xs2113878,4
xs000807,33.1,2017/12/21 20:55,894,xs205588,4
xs000808,360.29,2017/3/1 18:29,895,xs1829880,4
xs000809,105.24,2018/8/10 8:35,896,xs835881,4
xs000810,114.85,2017/7/19 16:45,897,xs1645882,4
xs000811,0.01,2018/7/18 21:37,898,xs2137883,4
xs000812,65.57,2017/1/22 16:10,899,xs1610884,4
xs000813,88.9,2018/7/23 10:11,900,xs1011886,4
xs000814,76.78,2018/8/14 11:16,901,xs1116887,4
xs000815,680.96,2017/4/3 19:07,903,xs197888,4
xs000816,27.91,2017/4/20 21:03,904,xs213889,4
xs000817,61.79,2017/7/26 13:47,905,xs134789,4
xs000818,40.96,2018/7/3 23:40,907,xs2340890,4
xs000819,149,2018/4/5 18:34,908,xs1834891,4
xs000820,75.7,2017/5/16 21:30,909,xs2130892,4
xs000821,356.9,2017/7/14 16:49,910,xs1649893,4
xs000822,165.96,2017/11/19 13:23,911,xs1323894,4
xs000823,61.19,2017/9/6 10:15,912,xs1015895,4
xs000824,43.37,2018/5/28 10:31,913,xs1031896,4
xs000825,40.86,2018/6/9 18:56,914,xs1856897,4
xs000826,84.81,2018/7/23 14:56,915,xs1456898,4
xs000827,8.24,2017/9/11 19:42,916,xs1942899,4
xs000828,191.93,2017/1/22 13:04,917,xs1349,4
xs000829,32.72,2017/5/14 14:56,918,xs145690,4
xs000830,32.77,2017/8/28 18:43,919,xs1843900,4
xs000831,50.5,2018/6/30 19:46,920,xs1946901,4
xs000832,37.05,2018/3/17 12:39,921,xs1239903,4
xs000833,70.36,2017/8/10 13:51,922,xs1351904,4
xs000834,38,2018/6/7 23:42,923,xs2342905,4
xs000835,196.81,2018/6/20 9:46,925,xs946907,4
xs000836,46.84,2017/3/9 16:18,926,xs1618908,4
xs000837,367.2,2017/10/1 10:11,927,xs1011909,4
xs000838,195.36,2018/1/10 13:58,928,xs135891,4
xs000839,144.8,2018/3/8 16:00,929,xs160910,4
xs000840,28.62,2018/5/7 10:59,930,xs1059911,4
xs000841,160.74,2017/12/17 22:49,931,xs2249912,4
xs000842,103.59,2017/11/24 22:21,932,xs2221913,4
xs000843,10.39,2018/6/28 22:11,933,xs2211914,4
xs000844,31.75,2018/7/27 15:25,934,xs1525915,4
xs000845,116.23,2017/5/5 13:48,935,xs1348916,4
xs000846,40.43,2018/4/14 18:31,936,xs1831917,4
xs000847,66.64,2018/3/27 15:55,937,xs1555918,4
xs000848,17.01,2018/8/25 22:17,938,xs2217919,1
xs000849,189.96,2017/6/17 16:54,939,xs1654920,4
xs000850,170.37,2017/11/24 21:04,942,xs214921,4
xs000851,50.9,2018/1/25 11:11,943,xs1111922,4
xs000852,133.64,2017/6/6 0:11,944,xs011923,4
xs000853,543.29,2018/7/25 13:25,945,xs1325925,4
xs000854,42.75,2017/7/23 17:53,946,xs1753926,4
xs000855,161.01,2017/7/11 17:46,947,xs1746927,4
xs000856,72.83,2018/4/16 13:44,949,xs1344928,4
xs000857,1605.14,2018/8/15 16:30,950,xs1630929,4
xs000858,130.6,2018/7/16 11:56,951,xs115693,4
xs000859,69.67,2018/1/2 17:46,952,xs1746930,4
xs000860,70.97,2017/4/3 22:19,953,xs2219931,4
xs000861,255.76,2017/6/24 17:11,954,xs1711932,4
xs000862,75.4,2017/10/27 12:07,955,xs127933,4
xs000863,109.93,2018/6/13 9:46,956,xs946934,4
xs000864,71.14,2018/2/4 19:34,957,xs1934935,4
xs000865,113.33,2018/6/12 9:51,958,xs951936,4
xs000866,292.86,2018/8/12 19:28,959,xs1928937,4
xs000867,129.15,2018/4/23 10:50,960,xs1050938,4
xs000868,177.67,2017/11/3 11:29,961,xs1129939,4
xs000869,27.48,2017/4/24 9:37,962,xs93794,4
xs000870,140.94,2018/4/3 15:03,963,xs153942,4
xs000871,23,2018/5/17 16:46,964,xs1646943,4
xs000872,49.09,2017/3/15 15:54,965,xs1554944,4
xs000873,84.79,2017/11/14 8:13,966,xs813945,4
xs000874,111.02,2018/8/20 20:28,967,xs2028946,4
xs000875,42.44,2017/5/12 10:51,969,xs1051947,4
xs000876,210.56,2018/7/3 10:03,970,xs103949,4
xs000877,42.74,2018/3/8 9:26,971,xs92695,4
xs000878,50.1,2017/3/25 19:13,972,xs1913950,4
xs000879,67.23,2017/11/24 22:09,973,xs229951,4
xs000880,46.66,2017/9/8 10:57,974,xs1057952,4
xs000881,201.05,2018/8/25 23:32,975,xs2332953,1
xs000882,81.47,2018/2/18 0:10,976,xs010954,4
xs000883,79.69,2018/8/20 23:06,977,xs236955,4
xs000884,45.12,2018/2/7 8:04,978,xs84956,4
xs000885,250.04,2018/3/17 19:59,979,xs1959957,4
xs000886,108.88,2018/6/10 15:44,981,xs1544958,4
xs000887,189.66,2018/5/10 11:04,982,xs114959,4
xs000888,135.47,2018/2/19 19:18,983,xs1918960,4
xs000889,104.07,2017/4/18 16:00,984,xs160961,4
xs000890,184.08,2017/4/12 2:16,985,xs216962,4
xs000891,164.01,2017/10/29 23:44,986,xs2344963,4
xs000892,91.21,2018/5/12 9:58,987,xs958964,4
xs000893,129,2018/2/21 13:48,988,xs1348965,4
xs000894,84.28,2018/3/1 16:51,989,xs1651966,4
xs000895,57.67,2017/10/25 10:03,990,xs103967,4
xs000896,97.79,2018/3/23 20:57,991,xs2057969,4
xs000897,53.9,2018/4/13 21:18,992,xs211897,4
xs000898,35.09,2018/6/16 19:42,993,xs1942970,4
xs000899,218.04,2017/7/29 12:18,994,xs1218971,4
xs000900,67.93,2018/5/16 16:38,995,xs1638972,4
xs000901,40.53,2017/9/14 19:12,996,xs1912973,4
xs000902,97.23,2018/1/17 7:22,997,xs722974,4
xs000903,159.39,2018/3/14 15:55,998,xs1555975,4
xs000904,167.07,2017/8/11 8:41,999,xs841976,4
xs000905,50,2017/4/4 13:15,977,xs1315977,4
xs000906,93.4,2018/5/13 19:57,978,xs1957978,4
xs000907,276.11,2017/3/31 11:30,979,xs1130979,4
xs000908,149.16,2018/2/1 17:15,98,xs171598,4
xs000909,175.13,2018/4/20 12:53,981,xs1253981,4
xs000910,143.99,2017/5/18 9:34,982,xs934982,4
xs000911,131.8,2018/8/22 1:35,983,xs135983,1
xs000912,88.54,2018/7/2 14:20,984,xs1420984,4
xs000913,109.31,2017/8/24 19:35,985,xs1935985,4
xs000914,63.05,2017/11/7 9:23,986,xs923986,4
xs000915,353.29,2017/11/20 16:35,987,xs1635987,4
xs000916,276.44,2018/8/10 14:54,988,xs1454988,4
xs000917,45.95,2018/1/24 20:07,989,xs207989,4
xs000918,116.99,2018/2/16 20:16,99,xs201699,4
xs000919,46,2018/1/31 21:04,990,xs214990,4
xs000920,23.23,2017/10/13 10:15,991,xs1015991,4
xs000921,119.18,2017/11/24 15:54,992,xs1554992,4
xs000922,32.13,2017/6/15 16:02,993,xs162993,4
xs000923,222.15,2017/12/1 9:21,994,xs921994,4
xs000924,59.22,2018/1/21 13:28,995,xs1328995,4
xs000925,204.81,2018/2/1 14:44,996,xs1444996,4
xs000926,73.34,2018/4/26 22:47,997,xs2247997,4
xs000927,131.03,2018/7/22 10:28,998,xs1028998,4
xs000928,57.69,2017/5/14 19:00,999,xs190999,4
xs000929,27.79,2017/8/15 11:14,2,xs11141,4
xs000930,224.45,2018/1/28 15:50,3,xs155010,4
xs000931,135.6,2018/5/21 13:31,4,xs1331100,4
xs000932,76.08,2018/2/14 16:38,5,xs16381000,4
xs000933,67.14,2018/3/2 11:04,6,xs114101,4
xs000934,137.97,2018/4/17 16:54,7,xs1654102,4
xs000935,68.12,2017/1/5 15:25,8,xs1525103,4
xs000936,73.61,2018/7/13 20:58,9,xs2058104,4
xs000937,117.94,2017/11/28 7:50,13,xs750105,4
xs000938,84.52,2018/6/6 21:48,14,xs2148106,4
xs000939,138.84,2017/8/22 18:53,15,xs1853107,4
xs000940,5.37,2018/2/28 23:42,16,xs2342108,4
xs000941,119.48,2017/7/26 11:29,18,xs1129109,4
xs000942,77.5,2017/8/6 23:40,19,xs234011,4
xs000943,84.05,2017/7/16 9:15,20,xs915111,4
xs000944,149.73,2018/8/17 7:59,21,xs759112,4
xs000945,93.8,2017/1/26 16:25,22,xs1625113,4
xs000946,76.51,2018/3/16 13:57,23,xs1357114,4
xs000947,121.6,2018/4/18 9:55,24,xs955115,4
xs000948,528.69,2018/3/11 22:14,25,xs2214116,4
xs000949,73.03,2017/11/26 3:42,26,xs342117,4
xs000950,70,2018/6/11 15:32,27,xs1532118,4
xs000951,278.63,2017/2/2 23:24,28,xs2324119,4
xs000952,89.88,2018/8/2 20:38,29,xs203812,4
xs000953,117.38,2018/3/25 16:43,30,xs1643120,4
xs000954,180.47,2018/7/22 20:04,31,xs204121,4
xs000955,110.77,2017/7/10 18:12,32,xs1812122,4
xs000956,28.7,2018/8/14 1:13,33,xs113123,4
xs000957,23.47,2018/7/13 19:00,34,xs190124,4
xs000958,50,2017/7/20 23:51,35,xs2351125,4
xs000959,364.46,2017/6/18 19:51,36,xs1951127,4
xs000960,48.23,2017/2/22 13:22,37,xs1322128,4
xs000961,78.97,2017/8/26 12:43,38,xs1243129,4
xs000962,159.8,2017/7/2 19:37,39,xs193713,4
xs000963,66.44,2017/9/26 1:25,40,xs125130,4
xs000964,71.13,2017/7/17 13:51,41,xs1351131,4
xs000965,76.29,2017/3/12 19:04,42,xs194132,4
xs000966,188.93,2018/4/29 14:31,43,xs1431133,4
xs000967,70.03,2018/2/26 11:06,44,xs116134,4
xs000968,51.01,2017/7/2 12:03,45,xs123135,4
xs000969,162.75,2017/10/27 16:44,46,xs1644136,4
xs000970,36.36,2018/4/25 1:03,47,xs13137,4
xs000971,209.46,2017/4/30 14:48,48,xs1448138,4
xs000972,79.95,2018/5/30 17:38,49,xs173814,4
xs000973,134.49,2018/1/11 20:04,50,xs204140,4
xs000974,111.02,2018/3/10 16:15,51,xs1615141,4
xs000975,53.88,2017/8/10 13:35,52,xs1335142,4
xs000976,62.91,2017/4/24 20:32,53,xs2032143,4
xs000977,335.47,2017/8/21 19:33,54,xs1933144,4
xs000978,12.29,2017/11/26 17:47,55,xs1747145,4
xs000979,237.54,2018/4/2 16:10,56,xs1610146,4
xs000980,131.94,2017/11/27 17:19,57,xs1719147,4
xs000981,191.28,2017/12/1 20:48,58,xs2048148,4
xs000982,85.24,2017/4/6 13:45,59,xs1345149,4
xs000983,37.99,2018/5/25 13:28,60,xs132815,4
xs000984,200.75,2017/9/25 9:48,61,xs948150,4
xs000985,213.03,2017/9/4 11:39,62,xs1139151,4
xs000986,74.16,2017/11/29 11:24,63,xs1124152,4
xs000987,55.09,2018/6/14 11:29,64,xs1129153,4
xs000988,10.04,2018/5/1 13:44,65,xs1344154,4
xs000989,57.8,2017/9/12 8:16,66,xs816155,4
xs000990,25.05,2017/11/2 9:30,67,xs930156,4
xs000991,199.43,2018/5/30 12:58,68,xs1258157,4
xs000992,172.29,2017/5/5 13:35,69,xs1335158,4
xs000993,126.3,2018/5/4 16:08,70,xs168159,4
xs000994,116.97,2017/6/2 10:18,71,xs101816,4
xs000995,158.21,2017/9/12 17:49,72,xs1749160,4
xs000996,247.16,2017/12/4 17:16,73,xs1716161,4
xs000997,45.09,2017/5/22 15:57,74,xs1557162,4
xs000998,172.16,2017/10/8 14:53,75,xs1453164,4
xs000999,189.37,2018/5/17 16:37,76,xs1637165,4
xs001000,372.67,2018/3/23 11:07,77,xs117166,4
xs001001,64.44,2018/5/23 16:12,78,xs1612167,4
xs001002,2.35,2017/8/11 10:47,79,xs1047168,4
xs001003,204.07,2018/8/12 20:18,80,xs2018169,4
xs001004,75.17,2017/11/24 11:34,81,xs1134170,4
xs001005,177.11,2018/1/11 9:46,82,xs946171,4
xs001006,42.78,2018/4/6 18:05,83,xs185172,4
xs001007,37.79,2018/3/10 13:39,84,xs1339174,4
xs001008,119.79,2018/2/3 13:49,86,xs1349175,4
xs001009,273.98,2017/7/15 6:41,87,xs641176,4
xs001010,63.7,2018/6/19 14:58,88,xs1458177,4
xs001011,50,2017/10/15 1:57,89,xs157178,4
xs001012,36.05,2017/5/22 10:27,90,xs1027179,4
xs001013,85.15,2018/3/20 14:27,91,xs142718,4
xs001014,50.45,2017/6/19 14:56,93,xs1456180,4
xs001015,34.37,2018/5/13 11:00,94,xs110181,4
xs001016,184.93,2017/12/9 19:11,95,xs1911183,4
xs001017,157.97,2018/8/1 19:18,97,xs1918184,4
xs001018,143.15,2017/4/22 15:50,98,xs1550185,4
xs001019,123.25,2017/12/9 9:29,99,xs929188,4
xs001020,121.68,2017/10/7 20:37,120,xs2037189,4
xs001021,156.39,2017/7/13 9:00,121,xs9019,4
xs001022,171.79,2017/4/22 18:27,122,xs1827190,4
xs001023,133.05,2017/5/5 8:45,123,xs845191,4
xs001024,77.42,2017/9/9 19:37,124,xs1937192,4
xs001025,281.73,2018/5/21 19:44,125,xs1944193,4
xs001026,36.07,2018/4/16 10:16,127,xs1016194,4
xs001027,441.16,2017/5/2 22:36,128,xs2236195,4
xs001028,99.14,2017/5/31 11:02,129,xs112196,4
xs001029,118.35,2018/5/6 19:27,130,xs1927198,4
xs001030,92.8,2017/5/24 10:11,131,xs1011199,4
xs001031,142.25,2017/12/8 22:24,132,xs22242,4
xs001032,186.27,2018/6/6 13:48,133,xs134820,4
xs001033,23.88,2017/12/28 10:54,134,xs1054200,4
xs001034,497.59,2018/2/27 7:37,135,xs737201,4
xs001035,51.57,2018/8/25 22:28,136,xs2228202,1
xs001036,159.07,2018/4/4 12:35,137,xs1235203,4
xs001037,154.38,2017/3/21 11:33,138,xs1133204,4
xs001038,245.36,2017/5/17 23:39,140,xs2339205,4
xs001039,385.52,2018/7/16 15:24,141,xs1524206,4
xs001040,318.17,2018/4/15 20:12,142,xs2012207,4
xs001041,576.2,2017/8/21 0:01,143,xs01208,4
xs001042,93.66,2018/2/25 19:13,144,xs1913209,4
xs001043,71.81,2017/11/28 22:50,145,xs225021,4
xs001044,33.1,2018/6/11 22:04,146,xs224210,4
xs001045,3.9,2018/6/9 12:33,147,xs1233211,4
xs001046,44.24,2018/2/23 19:28,148,xs1928212,4
xs001047,398.88,2017/8/22 23:46,149,xs2346213,4
xs001048,47.61,2017/11/11 19:36,150,xs1936214,4
xs001049,116.85,2018/6/12 9:56,151,xs956215,4
xs001050,35.09,2017/11/24 14:27,152,xs1427216,4
xs001051,51.88,2017/2/8 11:04,153,xs114217,4
xs001052,190.83,2017/1/31 17:14,154,xs1714218,4
xs001053,101.64,2018/3/6 19:56,155,xs1956219,4
xs001054,212.18,2018/4/11 10:49,156,xs104922,4
xs001055,61.94,2018/6/1 23:24,157,xs2324221,4
xs001056,35.24,2018/8/28 10:44,158,xs1044222,1
xs001057,63.06,2018/8/11 23:28,159,xs2328224,4
xs001058,102.64,2017/11/10 17:21,160,xs1721225,4
xs001059,123.68,2018/1/25 13:34,161,xs1334226,4
xs001060,64.63,2017/12/11 8:19,162,xs819227,4
xs001061,216.74,2018/1/25 0:27,164,xs027228,4
xs001062,46.26,2017/3/1 16:04,165,xs164229,4
xs001063,52.83,2018/3/19 5:02,166,xs5223,4
xs001064,129.79,2018/1/22 15:35,167,xs1535230,4
xs001065,8.16,2017/10/11 13:57,168,xs1357232,4
xs001066,98.87,2018/3/10 20:50,169,xs2050233,4
xs001067,65.05,2017/9/21 15:43,170,xs1543234,4
xs001068,64,2017/5/27 3:23,171,xs323235,4
xs001069,34.7,2018/3/14 21:15,172,xs2115236,4
xs001070,151.83,2017/8/3 19:48,174,xs1948237,4
xs001071,103.2,2018/8/13 14:16,175,xs1416238,4
xs001072,43.62,2017/5/20 12:41,176,xs1241239,4
xs001073,166.41,2018/6/30 13:24,177,xs132424,4
xs001074,35.77,2017/7/2 15:00,178,xs150240,4
xs001075,194.48,2018/2/26 15:18,179,xs1518241,4
xs001076,133.62,2018/8/2 22:09,180,xs229242,4
xs001077,115.9,2018/3/11 18:52,181,xs1852243,4
xs001078,91.92,2018/4/4 10:40,183,xs1040244,4
xs001079,36.61,2018/4/23 17:41,184,xs1741245,4
xs001080,72.78,2017/10/25 20:00,185,xs200246,4
xs001081,189.21,2018/1/27 22:09,188,xs229247,4
xs001082,346.59,2017/3/9 16:43,189,xs1643248,4
xs001083,245.51,2018/8/9 11:37,190,xs1137249,4
xs001084,216.99,2018/7/4 11:38,191,xs113825,4
xs001085,104.43,2018/1/18 20:07,192,xs207250,4
xs001086,36.1,2017/9/26 15:15,193,xs1515251,4
xs001087,161.47,2017/4/30 11:21,194,xs1121252,4
xs001088,133.75,2017/7/30 17:48,195,xs1748253,4
xs001089,125.22,2017/2/7 11:44,196,xs1144254,4
xs001090,50.86,2017/11/21 21:31,198,xs2131255,4
xs001091,164.84,2017/10/25 10:53,199,xs1053256,4
xs001092,2.67,2018/5/8 21:04,200,xs214257,4
xs001093,33.56,2018/2/19 22:35,201,xs2235258,4
xs001094,99.9,2017/7/10 8:38,202,xs838259,4
xs001095,133.34,2018/8/9 22:38,203,xs223826,4
xs001096,69.46,2017/10/4 19:47,204,xs1947260,4
xs001097,133.28,2018/7/17 20:00,205,xs200261,4
xs001098,50,2017/3/22 9:02,206,xs92262,4
xs001099,368.92,2018/4/22 13:03,207,xs133263,4
xs001100,406.67,2018/5/21 8:20,208,xs820264,4
xs001101,69.45,2017/7/27 18:04,209,xs184265,4
xs001102,1327.54,2018/2/19 14:16,210,xs1416266,4
xs001103,12.59,2018/7/29 12:47,211,xs1247267,4
xs001104,45.69,2018/8/12 15:54,212,xs1554268,4
xs001105,119.48,2017/2/17 19:52,213,xs1952269,4
xs001106,88.72,2017/10/23 23:35,214,xs233527,4
xs001107,250,2017/7/9 23:32,215,xs2332270,4
xs001108,88.58,2018/4/6 9:04,216,xs94271,4
xs001109,81.6,2017/4/12 11:02,217,xs112272,4
xs001110,41.53,2018/6/21 15:42,218,xs1542273,4
xs001111,64.86,2017/10/20 14:00,219,xs140274,4
xs001112,35.01,2018/6/15 15:41,221,xs1541275,4
xs001113,47.44,2018/8/23 14:56,222,xs1456276,1
xs001114,21.01,2018/1/13 17:59,224,xs1759278,4
xs001115,639.52,2018/1/31 20:45,225,xs2045279,4
xs001116,142.44,2018/4/29 15:13,226,xs151328,4
xs001117,323.92,2017/8/30 17:49,227,xs1749280,4
xs001118,64.25,2018/6/4 22:44,228,xs2244281,4
xs001119,64.44,2017/6/6 11:40,229,xs1140282,4
xs001120,91.18,2018/4/1 13:54,230,xs1354283,4
xs001121,44.34,2017/8/27 20:44,232,xs2044285,4
xs001122,37.09,2017/4/8 13:01,233,xs131286,4
xs001123,146.13,2017/12/11 12:49,234,xs1249287,4
xs001124,218.27,2018/5/9 13:01,235,xs131288,4
xs001125,41.11,2018/2/23 20:39,236,xs2039289,4
xs001126,21.16,2017/11/27 11:07,237,xs11729,4
xs001127,95.34,2017/2/18 10:39,238,xs1039290,4
xs001128,124.92,2018/1/11 22:57,239,xs2257291,4
xs001129,52.76,2017/11/29 14:11,240,xs1411292,4
xs001130,56.28,2018/5/17 19:06,241,xs196293,4
xs001131,416.36,2018/8/28 15:26,242,xs1526294,1
xs001132,144.76,2018/7/1 22:27,243,xs2227295,4
xs001133,6.82,2018/4/2 10:08,244,xs108296,4
xs001134,202.5,2017/10/9 15:55,245,xs1555297,4
xs001135,14,2018/5/26 17:57,246,xs1757298,4
xs001136,3.99,2018/1/19 11:57,247,xs1157299,4
xs001137,104.37,2018/3/28 19:30,248,xs19303,4
xs001138,119.84,2017/2/24 15:13,249,xs151330,4
xs001139,84.24,2018/8/2 14:43,250,xs1443300,4
xs001140,2787.87,2018/8/3 13:37,251,xs1337301,4
xs001141,457.64,2017/10/4 21:45,252,xs2145302,4
xs001142,89.56,2018/6/20 22:53,253,xs2253303,4
xs001143,595.3,2018/1/6 16:26,254,xs1626304,4
xs001144,171.69,2018/3/25 0:57,255,xs057305,4
xs001145,32.96,2017/8/16 16:32,256,xs1632306,4
xs001146,85.6,2018/1/14 22:48,257,xs2248307,4
xs001147,44.66,2017/11/19 13:23,258,xs1323308,4
xs001148,164.55,2017/11/25 0:22,259,xs022309,4
xs001149,38.42,2017/11/21 15:27,260,xs152731,4
xs001150,115.78,2018/1/26 16:15,261,xs1615310,4
xs001151,198.49,2018/6/10 20:41,262,xs2041311,4
xs001152,512.46,2017/11/26 21:21,263,xs2121312,4
xs001153,113.16,2017/6/17 8:57,264,xs857313,4
xs001154,94.3,2017/6/11 16:02,265,xs162314,4
xs001155,87.64,2017/7/14 11:27,266,xs1127315,4
xs001156,92.62,2018/8/15 22:13,267,xs2213316,4
xs001157,52.1,2018/7/25 10:10,268,xs1010317,4
xs001158,47.23,2018/6/12 13:42,269,xs1342318,4
xs001159,62.5,2017/6/27 10:44,270,xs1044319,4
xs001160,5.36,2017/7/6 20:25,271,xs202532,4
xs001161,116.32,2017/9/27 20:55,272,xs2055320,4
xs001162,158.21,2018/1/15 14:12,273,xs1412321,4
xs001163,404.95,2018/6/2 0:36,274,xs036322,4
xs001164,196.01,2018/3/29 13:40,275,xs1340323,4
xs001165,95.84,2018/5/13 0:03,276,xs03324,4
xs001166,61.97,2018/5/16 12:43,278,xs1243325,4
xs001167,134.71,2018/6/12 15:56,279,xs1556326,4
xs001168,79.56,2018/5/11 13:51,280,xs1351327,4
xs001169,78.2,2018/8/17 14:10,281,xs1410328,4
xs001170,44.55,2017/11/24 16:40,282,xs1640329,4
xs001171,45.89,2017/9/25 18:54,283,xs185433,4
xs001172,93.82,2018/6/10 19:01,285,xs191330,4
xs001173,191.09,2017/9/1 22:52,286,xs2252332,4
xs001174,306.78,2018/6/9 10:09,287,xs109333,4
xs001175,44.85,2018/3/21 10:18,288,xs1018334,4
xs001176,178.06,2017/3/9 20:50,289,xs2050335,4
xs001177,157.78,2018/7/19 8:45,290,xs845336,4
xs001178,83.34,2017/8/11 21:01,291,xs211337,4
xs001179,97.71,2017/1/26 11:51,292,xs1151338,4
xs001180,205,2018/5/10 11:15,293,xs1115339,4
xs001181,65,2018/6/28 12:22,294,xs122234,4
xs001182,113.62,2018/8/3 19:03,295,xs193340,4
xs001183,41,2017/11/3 10:57,296,xs1057341,4
xs001184,44.38,2017/10/22 18:16,297,xs1816342,4
xs001185,67.57,2018/7/19 17:24,298,xs1724343,4
xs001186,117.57,2018/1/31 18:29,299,xs1829344,4
xs001187,1.39,2018/4/12 12:37,300,xs1237345,4
xs001188,90.76,2018/7/27 13:32,301,xs1332346,4
xs001189,168.35,2017/3/3 0:14,302,xs014347,4
xs001190,131.64,2018/6/25 17:26,303,xs1726348,4
xs001191,63.07,2018/5/7 22:38,304,xs2238349,4
xs001192,481.07,2017/10/1 22:30,305,xs223035,4
xs001193,37.96,2017/11/17 6:34,306,xs634350,4
xs001194,248.36,2018/5/20 21:48,307,xs2148351,4
xs001195,61.4,2018/3/5 8:58,308,xs858352,4
xs001196,176.16,2017/10/13 11:59,309,xs1159353,4
xs001197,131.44,2018/4/27 1:41,310,xs141354,4
xs001198,61.37,2017/11/28 14:56,311,xs1456355,4
xs001199,103.15,2017/10/9 10:58,312,xs1058356,4
xs001200,154.51,2017/1/19 22:41,313,xs2241357,4
xs001201,20,2018/8/4 22:18,314,xs2218358,4
xs001202,103.93,2017/6/27 22:14,315,xs2214359,4
xs001203,92.57,2018/5/12 12:33,316,xs123336,4
xs001204,145.57,2018/6/2 9:23,317,xs923360,4
xs001205,86.15,2018/1/6 10:44,318,xs1044361,4
xs001206,119.97,2018/6/25 12:06,319,xs126362,4
xs001207,73.25,2017/9/1 15:33,320,xs1533364,4
xs001208,167.6,2018/1/16 17:55,321,xs1755365,4
xs001209,35.69,2018/6/19 19:32,322,xs1932366,4
xs001210,109.5,2017/5/29 10:01,323,xs101367,4
xs001211,70.18,2018/6/13 19:47,324,xs1947368,4
xs001212,104.19,2018/2/18 21:43,325,xs2143369,4
xs001213,165.3,2018/1/11 21:34,326,xs213437,4
xs001214,219.4,2018/8/22 0:51,327,xs051370,1
xs001215,94.59,2018/7/1 20:11,328,xs2011371,4
xs001216,991.09,2017/7/26 9:09,329,xs99374,4
xs001217,284.66,2018/5/1 9:25,330,xs925375,4
xs001218,146.48,2018/1/17 16:44,332,xs1644376,4
xs001219,132.64,2017/8/9 18:20,333,xs1820377,4
xs001220,35,2018/1/16 21:29,334,xs2129378,4
xs001221,221.58,2017/7/14 10:38,335,xs1038379,4
xs001222,158.98,2017/7/21 7:31,336,xs73138,4
xs001223,6.67,2018/6/3 18:15,337,xs1815381,4
xs001224,99.82,2018/7/4 17:15,338,xs1715382,4
xs001225,86.31,2017/10/29 23:11,339,xs2311384,4
xs001226,51.33,2017/6/14 19:49,340,xs1949385,4
xs001227,111.93,2017/8/5 7:34,341,xs734386,4
xs001228,58.98,2018/6/6 15:11,342,xs1511387,4
xs001229,88.56,2018/3/8 12:51,343,xs1251389,4
xs001230,123.27,2017/5/5 22:10,344,xs221039,4
xs001231,33.16,2018/7/23 14:37,345,xs1437390,4
xs001232,82.66,2018/8/11 16:39,346,xs1639391,4
xs001233,236.09,2017/9/25 16:38,347,xs1638392,4
xs001234,43,2018/2/21 14:54,348,xs1454393,4
xs001235,235.28,2018/3/11 14:33,349,xs1433394,4
xs001236,55.79,2018/1/7 19:59,350,xs1959395,4
xs001237,784.8,2018/7/17 10:34,351,xs1034397,4
xs001238,73.43,2018/1/19 17:38,352,xs1738398,4
xs001239,174.64,2018/3/15 9:38,353,xs938399,4
xs001240,29.91,2017/5/1 15:01,354,xs1514,4
xs001241,54.1,2018/2/9 21:00,355,xs21040,4
xs001242,173.62,2018/4/3 9:40,356,xs940400,4
xs001243,99.43,2018/2/22 9:09,357,xs99401,4
xs001244,65.34,2017/3/28 5:56,358,xs556402,4
xs001245,153.8,2017/12/6 23:15,359,xs2315403,4
xs001246,26.59,2018/7/20 21:19,360,xs2119404,4
xs001247,123.29,2018/3/9 19:41,361,xs1941405,4
xs001248,22.38,2017/11/28 0:06,362,xs06406,4
xs001249,326.38,2018/3/12 10:05,364,xs105408,4
xs001250,196.92,2018/2/23 14:09,365,xs149409,4
xs001251,65.01,2018/2/20 18:03,366,xs18341,4
xs001252,21.84,2018/6/24 19:03,367,xs193410,4
xs001253,248.74,2018/4/25 16:06,368,xs166411,4
xs001254,141.11,2017/4/28 14:20,369,xs1420412,4
xs001255,1013.25,2018/5/5 9:42,370,xs942413,4
xs001256,214.14,2017/7/28 9:35,371,xs935414,4
xs001257,94.7,2017/5/24 13:48,374,xs1348415,4
xs001258,46.01,2018/2/18 16:22,375,xs1622416,4
xs001259,224.39,2018/6/6 13:51,376,xs1351417,4
xs001260,100,2017/9/22 19:17,377,xs1917418,4
xs001261,196.66,2018/3/27 14:58,378,xs1458419,4
xs001262,69.83,2018/5/26 21:46,379,xs214642,4
xs001263,41.09,2017/5/13 17:42,381,xs1742420,4
xs001264,425.6,2017/8/14 10:00,382,xs100421,4
xs001265,118.43,2018/4/17 21:01,384,xs211422,4
xs001266,102.26,2017/11/21 18:37,385,xs1837423,4
xs001267,48.11,2018/2/17 18:53,386,xs1853424,4
xs001268,150,2018/4/29 22:10,387,xs2210425,4
xs001269,40.4,2017/10/20 9:51,389,xs951426,4
xs001270,430.28,2017/5/2 21:03,390,xs213427,4
xs001271,72.98,2018/3/5 11:09,391,xs119428,4
xs001272,126.23,2018/3/19 19:35,392,xs1935429,4
xs001273,143.1,2018/6/11 14:59,393,xs145943,4
xs001274,138.74,2018/3/28 22:51,394,xs2251430,4
xs001275,291.72,2017/4/9 17:54,395,xs1754431,4
xs001276,131.62,2018/6/30 12:53,397,xs1253432,4
xs001277,161.54,2018/7/20 9:42,398,xs942433,4
xs001278,27.23,2018/8/4 13:42,399,xs1342436,4
xs001279,143.04,2018/7/26 13:59,400,xs1359437,4
xs001280,175.03,2017/9/6 20:56,401,xs2056438,4
xs001281,63.74,2018/5/17 7:39,402,xs739439,4
xs001282,214.69,2017/10/5 3:54,403,xs35444,4
xs001283,531.92,2018/5/7 21:43,404,xs2143440,4
xs001284,202.15,2018/5/16 14:15,405,xs1415441,4
xs001285,277.48,2018/8/13 14:34,406,xs1434442,4
xs001286,35.13,2018/3/9 16:41,408,xs1641443,4
xs001287,28.07,2018/1/20 12:31,409,xs1231444,4
xs001288,181.4,2018/4/16 20:46,410,xs2046445,4
xs001289,162.51,2018/7/14 16:32,411,xs1632446,4
xs001290,118.29,2018/6/29 18:39,412,xs1839447,4
xs001291,247.52,2018/7/24 15:43,413,xs1543448,4
xs001292,63.33,2018/2/1 10:02,414,xs102449,4
xs001293,220.25,2017/7/19 13:37,415,xs133745,4
xs001294,228.82,2018/3/18 22:01,416,xs221450,4
xs001295,79.92,2017/10/1 21:55,417,xs2155451,4
xs001296,112.2,2018/6/12 12:21,418,xs1221452,4
xs001297,97.66,2018/4/20 13:07,419,xs137453,4
xs001298,158.73,2018/7/25 10:16,420,xs1016454,4
xs001299,136.26,2017/7/5 21:14,421,xs2114455,4
xs001300,141.73,2018/7/1 18:07,422,xs187456,4
xs001301,67.53,2017/9/15 12:57,423,xs1257457,4
xs001302,113.44,2017/11/7 2:55,424,xs255458,4
xs001303,35,2017/7/29 2:05,425,xs25459,4
xs001304,99.2,2018/8/2 18:09,426,xs18946,4
xs001305,205.45,2017/6/7 21:13,427,xs2113460,4
xs001306,89.91,2017/10/15 17:27,428,xs1727462,4
xs001307,202.76,2018/5/6 11:40,429,xs1140463,4
xs001308,37.68,2018/2/16 20:28,430,xs2028464,4
xs001309,162.55,2018/8/11 18:52,431,xs1852465,4
xs001310,38.33,2017/7/24 19:22,432,xs1922466,4
xs001311,138.24,2018/4/3 0:05,433,xs05467,4
xs001312,53.1,2017/8/31 10:45,436,xs1045468,4
xs001313,20,2017/12/22 22:02,437,xs222469,4
xs001314,102.66,2017/8/8 10:46,438,xs104647,4
xs001315,64.04,2018/1/7 22:52,439,xs2252470,4
xs001316,97.03,2017/2/7 21:32,440,xs2132471,4
xs001317,150.14,2017/2/13 13:00,441,xs130472,4
xs001318,98.25,2017/9/11 17:58,442,xs1758473,4
xs001319,50.95,2017/12/16 0:46,443,xs046474,4
xs001320,36.38,2018/1/21 8:10,444,xs810475,4
xs001321,47.79,2018/7/31 11:28,445,xs1128476,4
xs001322,44.11,2018/5/20 14:52,446,xs1452477,4
xs001323,77.69,2018/3/4 11:13,447,xs1113479,4
xs001324,73.27,2017/10/30 19:03,448,xs19348,4
xs001325,35.41,2018/8/3 0:00,449,xs00480,4
xs001326,2276.1,2017/4/13 20:08,450,xs208481,4
xs001327,72.02,2018/1/21 21:07,451,xs217482,4
xs001328,182.29,2018/5/16 23:08,452,xs238484,4
xs001329,118.09,2017/8/13 20:31,453,xs2031485,4
xs001330,105.9,2018/5/2 10:48,454,xs1048486,4
xs001331,141.2,2017/10/6 8:32,455,xs832487,4
xs001332,921.05,2018/5/3 15:12,456,xs1512488,4
xs001333,71.14,2018/2/24 17:02,457,xs172489,4
xs001334,103.55,2017/6/16 15:16,458,xs151649,4
xs001335,193.17,2017/12/3 17:04,459,xs174490,4
xs001336,91.16,2018/7/11 0:13,460,xs013492,4
xs001337,54.09,2017/8/20 14:51,462,xs1451493,4
xs001338,142.92,2018/7/13 22:22,463,xs2222494,4
xs001339,53.6,2018/6/28 0:27,464,xs027495,4
xs001340,80.15,2018/7/29 15:36,465,xs1536496,4
xs001341,135,2018/3/2 19:33,466,xs1933497,4
xs001342,175.63,2018/5/12 13:38,467,xs1338499,4
xs001343,162.7,2017/11/30 8:13,468,xs8135,4
xs001344,192.39,2017/6/6 18:10,469,xs181050,4
xs001345,26.77,2018/4/11 10:58,470,xs1058500,4
xs001346,111.98,2018/4/21 14:18,471,xs1418501,4
xs001347,103.11,2017/11/25 1:03,472,xs13502,4
xs001348,71.14,2017/6/19 8:03,473,xs83503,4
xs001349,180.46,2017/4/11 13:37,474,xs1337504,4
xs001350,372.27,2018/3/4 2:25,475,xs225505,4
xs001351,102.31,2017/11/28 0:37,476,xs037506,4
xs001352,85.62,2018/2/16 18:35,477,xs1835509,4
xs001353,228.24,2017/10/20 8:41,479,xs84151,4
xs001354,133.34,2017/2/24 15:50,480,xs1550510,4
xs001355,171.44,2017/9/28 8:54,481,xs854511,4
xs001356,47.75,2018/3/2 10:01,482,xs101512,4
xs001357,154.72,2017/11/20 12:49,484,xs1249513,4
xs001358,20,2017/10/16 20:22,485,xs2022515,4
xs001359,78.2,2017/11/24 19:58,486,xs1958516,4
xs001360,24.28,2018/7/18 10:44,487,xs1044517,4
xs001361,46.92,2017/6/13 23:49,488,xs2349518,4
xs001362,33.12,2018/1/12 18:14,489,xs1814519,4
xs001363,182.91,2017/9/23 16:40,490,xs164052,4
xs001364,100.34,2017/9/17 11:47,492,xs1147520,4
xs001365,66.01,2018/6/15 8:26,493,xs826521,4
xs001366,132,2018/1/11 22:14,494,xs2214522,4
xs001367,4.15,2018/1/21 22:39,495,xs2239523,4
xs001368,58.59,2018/4/22 20:13,496,xs2013524,4
xs001369,352.95,2017/10/22 12:55,497,xs1255525,4
xs001370,29.87,2017/1/26 22:15,499,xs2215526,4
xs001371,54.09,2018/6/11 16:49,500,xs1649527,4
xs001372,76.31,2018/6/21 13:17,501,xs1317528,4
xs001373,436.25,2018/5/14 15:18,502,xs1518529,4
xs001374,58.37,2017/9/14 13:25,503,xs132553,4
xs001375,72.97,2018/1/11 14:48,504,xs1448530,4
xs001376,54.62,2017/10/26 9:31,505,xs931531,4
xs001377,85.81,2017/11/26 20:26,506,xs2026532,4
xs001378,150.99,2018/4/5 13:50,509,xs1350533,4
xs001379,347.83,2018/5/15 18:25,510,xs1825534,4
xs001380,674.92,2017/9/18 18:51,511,xs1851535,4
xs001381,164.53,2017/12/2 0:01,512,xs01536,4
xs001382,193.8,2018/6/5 20:29,513,xs2029537,4
xs001383,22.39,2017/12/3 19:38,515,xs1938538,4
xs001384,147.52,2018/5/14 9:01,516,xs91539,4
xs001385,31.6,2016/10/4 14:13,517,xs141354,4
xs001386,620.68,2018/6/2 12:36,518,xs1236540,4
xs001387,1082.51,2017/7/28 13:47,519,xs1347541,4
xs001388,204.11,2018/6/6 8:41,520,xs841542,4
xs001389,82.12,2017/10/24 14:48,521,xs1448543,4
xs001390,123.69,2017/5/19 20:13,522,xs2013544,4
xs001391,287.96,2017/2/28 17:28,523,xs1728545,4
xs001392,32.09,2017/9/8 10:32,524,xs1032546,4
xs001393,173.38,2017/8/24 16:14,525,xs1614547,4
xs001394,375.22,2017/8/1 0:22,526,xs022548,4
xs001395,241.61,2018/6/23 18:19,527,xs1819549,4
xs001396,257.29,2018/4/18 1:06,528,xs1655,4
xs001397,197.69,2017/3/28 9:43,529,xs943550,4
xs001398,38.86,2017/6/17 12:36,530,xs1236551,4
xs001399,195,2018/8/20 22:06,531,xs226552,4
xs001400,227.44,2018/1/23 14:52,532,xs1452553,4
xs001401,113.05,2017/11/22 21:29,533,xs2129554,4
xs001402,137.02,2018/6/8 16:47,534,xs1647555,4
xs001403,89.27,2018/7/11 20:15,535,xs2015556,4
xs001404,85.4,2018/6/1 22:35,536,xs2235557,4
xs001405,44.6,2018/5/8 21:54,537,xs2154558,4
xs001406,133.93,2017/5/1 19:13,538,xs1913559,4
xs001407,77.89,2018/1/31 23:58,539,xs235856,4
xs001408,100,2018/2/12 18:10,540,xs1810560,4
xs001409,113.08,2017/8/23 20:53,541,xs2053561,4
xs001410,554.4,2017/2/4 23:27,542,xs2327562,4
xs001411,56.22,2018/6/18 19:57,543,xs1957564,4
xs001412,56.75,2017/12/3 20:03,544,xs203565,4
xs001413,504.35,2018/7/22 17:32,545,xs1732566,4
xs001414,152.72,2018/8/7 22:03,546,xs223567,4
xs001415,289.89,2018/7/16 16:33,547,xs1633568,4
xs001416,44.23,2017/5/15 21:07,548,xs217569,4
xs001417,93.72,2018/5/19 22:43,549,xs224357,4
xs001418,220.66,2018/8/28 21:56,550,xs2156570,1
xs001419,151.96,2017/12/18 6:12,551,xs612571,4
xs001420,279.3,2017/3/25 20:01,552,xs201572,4
xs001421,28.08,2018/1/9 19:59,553,xs1959573,4
xs001422,44.65,2018/7/24 21:54,554,xs2154574,4
xs001423,75.17,2017/10/18 16:30,555,xs1630575,4
xs001424,193.51,2017/11/22 9:16,556,xs916576,4
xs001425,63.1,2018/7/18 16:20,557,xs1620577,4
xs001426,90.92,2018/7/3 9:00,558,xs90578,4
xs001427,343.85,2017/11/22 13:45,559,xs1345579,4
xs001428,69.11,2018/8/4 19:25,560,xs192558,4
xs001429,31.73,2017/9/23 10:03,561,xs103580,4
xs001430,67.14,2017/8/31 12:44,562,xs1244581,4
xs001431,349.01,2017/3/1 10:46,564,xs1046582,4
xs001432,111.86,2018/7/1 20:21,565,xs2021583,4
xs001433,9.39,2017/10/14 19:33,566,xs1933584,4
xs001434,141.96,2018/6/9 11:03,567,xs113585,4
xs001435,318.4,2018/4/26 15:01,568,xs151586,4
xs001436,454.95,2017/11/30 18:40,569,xs1840588,4
xs001437,56.6,2018/6/18 23:30,570,xs2330589,4
xs001438,46.53,2017/4/26 10:48,571,xs104859,4
xs001439,924.12,2018/7/18 13:26,572,xs1326590,4
xs001440,971.1,2018/7/25 17:11,573,xs1711591,4
xs001441,497.62,2018/3/27 12:10,574,xs1210592,4
xs001442,570.94,2018/4/8 18:44,575,xs1844593,4
xs001443,415.97,2017/11/28 10:50,576,xs1050594,4
xs001444,63.49,2017/4/10 14:29,577,xs1429595,4
xs001445,80.77,2017/9/27 20:04,578,xs204596,4
xs001446,20,2017/11/27 14:18,579,xs1418598,4
xs001447,172.23,2017/6/30 12:57,580,xs1257599,4
xs001448,64.09,2018/6/14 19:41,581,xs19416,4
xs001449,8.47,2018/3/20 16:43,582,xs164360,4
xs001450,241.73,2016/10/7 0:54,583,xs054600,4
xs001451,188.8,2017/11/22 19:20,584,xs1920601,4
xs001452,68.17,2018/7/16 15:53,585,xs1553602,4
xs001453,90.88,2017/11/12 17:39,586,xs1739603,4
xs001454,96.71,2017/10/1 13:57,588,xs1357604,4
xs001455,66.44,2017/12/28 17:40,589,xs1740605,4
xs001456,127.92,2018/1/31 20:50,590,xs2050607,4
xs001457,8.58,2018/5/3 23:30,591,xs2330608,4
xs001458,81.76,2018/5/5 9:13,592,xs913609,4
xs001459,59.82,2017/8/24 9:19,593,xs91961,4
xs001460,40.76,2017/8/2 7:37,594,xs737612,4
xs001461,107.1,2017/8/15 22:45,595,xs2245613,4
xs001462,27.36,2018/4/10 23:03,596,xs233614,4
xs001463,28.93,2018/3/24 16:14,598,xs1614615,4
xs001464,40.96,2017/8/22 14:39,599,xs1439616,4
xs001465,188.73,2018/6/13 16:19,600,xs1619617,4
xs001466,69.73,2018/3/29 10:32,601,xs1032618,4
xs001467,40.76,2018/8/10 13:14,602,xs1314619,4
xs001468,177.32,2017/7/18 14:57,603,xs145762,4
xs001469,87.03,2017/9/3 18:42,604,xs1842620,4
xs001470,44.18,2017/11/28 13:05,605,xs135622,4
xs001471,2.27,2018/7/25 15:19,607,xs1519623,4
xs001472,29.75,2018/1/24 18:33,608,xs1833624,4
xs001473,47.53,2017/7/10 21:36,609,xs2136625,4
xs001474,68.02,2017/2/11 14:45,612,xs1445626,4
xs001475,51,2017/8/10 21:49,613,xs2149627,4
xs001476,44.29,2018/1/6 14:25,614,xs1425628,4
xs001477,300.09,2018/8/4 12:49,615,xs1249629,4
xs001478,263.02,2018/7/4 17:27,616,xs172763,4
xs001479,48.68,2018/8/16 16:13,617,xs1613630,4
xs001480,188.79,2018/7/31 21:04,618,xs214631,4
xs001481,119.8,2018/3/14 15:15,619,xs1515632,4
xs001482,119.84,2018/2/6 16:17,620,xs1617633,4
xs001483,243.45,2018/1/17 16:49,622,xs1649634,4
xs001484,75.65,2017/12/2 1:20,623,xs120635,4
xs001485,29.96,2017/11/1 19:01,624,xs191636,4
xs001486,248.76,2017/2/26 19:51,625,xs1951637,4
xs001487,375.41,2017/1/26 16:48,626,xs1648638,4
xs001488,2083.09,2017/4/7 10:07,627,xs107639,4
xs001489,60.3,2018/3/26 12:07,628,xs12764,4
xs001490,102.75,2017/10/31 15:26,629,xs1526640,4
xs001491,84.6,2018/6/17 21:03,630,xs213641,4
xs001492,298.32,2017/8/9 22:34,631,xs2234642,4
xs001493,67.88,2018/4/26 23:10,632,xs2310643,4
xs001494,82.95,2018/3/10 20:03,633,xs203645,4
xs001495,89.62,2018/1/30 20:45,634,xs2045646,4
xs001496,151.7,2018/1/14 18:39,635,xs1839648,4
xs001497,239.5,2018/2/9 17:42,636,xs1742649,4
xs001498,506.17,2018/7/26 23:41,637,xs234165,4
xs001499,217.16,2018/7/21 7:18,638,xs718650,4
xs001500,198.4,2017/7/18 19:42,639,xs1942651,4
